category,image_path,anomaly_type,label,anomaly_score,max_patch_row,max_patch_col,inference_seconds
breakfast_box,C:\Users\User\Desktop\DefectRAG\data\mvtec_loco_ad\breakfast_box\test\good\000.png,good,0,0.07200133800506592,11,11,0.4407843000080902
breakfast_box,C:\Users\User\Desktop\DefectRAG\data\mvtec_loco_ad\breakfast_box\test\good\001.png,good,0,0.08976185321807861,8,9,0.13251860000309534
breakfast_box,C:\Users\User\Desktop\DefectRAG\data\mvtec_loco_ad\breakfast_box\test\good\002.png,good,0,0.07564681768417358,12,10,0.11787070000718813
breakfast_box,C:\Users\User\Desktop\DefectRAG\data\mvtec_loco_ad\breakfast_box\test\good\003.png,good,0,0.08481866121292114,8,9,0.1258044999995036
breakfast_box,C:\Users\User\Desktop\DefectRAG\data\mvtec_loco_ad\breakfast_box\test\good\004.png,good,0,0.1002119779586792,1,3,0.11115610001434106
breakfast_box,C:\Users\User\Desktop\DefectRAG\data\mvtec_loco_ad\breakfast_box\test\good\005.png,good,0,0.06673741340637207,9,10,0.14691529999254271
breakfast_box,C:\Users\User\Desktop\DefectRAG\data\mvtec_loco_ad\breakfast_box\test\good\006.png,good,0,0.07449209690093994,11,9,0.13575700001092628
breakfast_box,C:\Users\User\Desktop\DefectRAG\data\mvtec_loco_ad\breakfast_box\test\good\007.png,good,0,0.07106602191925049,9,9,0.1021749999927124
breakfast_box,C:\Users\User\Desktop\DefectRAG\data\mvtec_loco_ad\breakfast_box\test\good\008.png,good,0,0.0805087685585022,8,12,0.13888329999463167
breakfast_box,C:\Users\User\Desktop\DefectRAG\data\mvtec_loco_ad\breakfast_box\test\good\009.png,good,0,0.11427241563796997,7,8,0.11687810000148602
breakfast_box,C:\Users\User\Desktop\DefectRAG\data\mvtec_loco_ad\breakfast_box\test\good\010.png,good,0,0.09598362445831299,11,9,0.09738259999721777
breakfast_box,C:\Users\User\Desktop\DefectRAG\data\mvtec_loco_ad\breakfast_box\test\good\011.png,good,0,0.07211720943450928,9,11,0.09280719999514986
breakfast_box,C:\Users\User\Desktop\DefectRAG\data\mvtec_loco_ad\breakfast_box\test\good\012.png,good,0,0.08430808782577515,9,8,0.10671839999849908
breakfast_box,C:\Users\User\Desktop\DefectRAG\data\mvtec_loco_ad\breakfast_box\test\good\013.png,good,0,0.07952839136123657,10,8,0.11870999999518972
breakfast_box,C:\Users\User\Desktop\DefectRAG\data\mvtec_loco_ad\breakfast_box\test\good\014.png,good,0,0.08234405517578125,7,8,0.11978649999946356
breakfast_box,C:\Users\User\Desktop\DefectRAG\data\mvtec_loco_ad\breakfast_box\test\good\015.png,good,0,0.06605660915374756,8,12,0.11570770000980701
breakfast_box,C:\Users\User\Desktop\DefectRAG\data\mvtec_loco_ad\breakfast_box\test\good\016.png,good,0,0.09304732084274292,9,11,0.12055940000573173
breakfast_box,C:\Users\User\Desktop\DefectRAG\data\mvtec_loco_ad\breakfast_box\test\good\017.png,good,0,0.06725764274597168,11,8,0.10388199999579228
breakfast_box,C:\Users\User\Desktop\DefectRAG\data\mvtec_loco_ad\breakfast_box\test\good\018.png,good,0,0.07285970449447632,9,8,0.12070020000101067
breakfast_box,C:\Users\User\Desktop\DefectRAG\data\mvtec_loco_ad\breakfast_box\test\good\019.png,good,0,0.08228844404220581,8,12,0.11095139999815729
breakfast_box,C:\Users\User\Desktop\DefectRAG\data\mvtec_loco_ad\breakfast_box\test\good\020.png,good,0,0.08025401830673218,11,9,0.1310382999945432
breakfast_box,C:\Users\User\Desktop\DefectRAG\data\mvtec_loco_ad\breakfast_box\test\good\021.png,good,0,0.07474136352539062,12,10,0.11813459999393672
breakfast_box,C:\Users\User\Desktop\DefectRAG\data\mvtec_loco_ad\breakfast_box\test\good\022.png,good,0,0.08641940355300903,9,12,0.11205929999414366
breakfast_box,C:\Users\User\Desktop\DefectRAG\data\mvtec_loco_ad\breakfast_box\test\good\023.png,good,0,0.08048850297927856,8,9,0.11715010000625625
breakfast_box,C:\Users\User\Desktop\DefectRAG\data\mvtec_loco_ad\breakfast_box\test\good\024.png,good,0,0.08150029182434082,7,8,0.11262480000732467
breakfast_box,C:\Users\User\Desktop\DefectRAG\data\mvtec_loco_ad\breakfast_box\test\good\025.png,good,0,0.07397979497909546,7,7,0.11972529999911785
breakfast_box,C:\Users\User\Desktop\DefectRAG\data\mvtec_loco_ad\breakfast_box\test\good\026.png,good,0,0.08586353063583374,10,8,0.1196949000004679
breakfast_box,C:\Users\User\Desktop\DefectRAG\data\mvtec_loco_ad\breakfast_box\test\good\027.png,good,0,0.06850069761276245,9,11,0.09774399999878369
breakfast_box,C:\Users\User\Desktop\DefectRAG\data\mvtec_loco_ad\breakfast_box\test\good\028.png,good,0,0.08784288167953491,11,7,0.11115960001188796
breakfast_box,C:\Users\User\Desktop\DefectRAG\data\mvtec_loco_ad\breakfast_box\test\good\029.png,good,0,0.08657121658325195,10,9,0.10673569999926258
breakfast_box,C:\Users\User\Desktop\DefectRAG\data\mvtec_loco_ad\breakfast_box\test\good\030.png,good,0,0.10005193948745728,9,12,0.12009449998731725
breakfast_box,C:\Users\User\Desktop\DefectRAG\data\mvtec_loco_ad\breakfast_box\test\good\031.png,good,0,0.07132488489151001,11,8,0.14911699999356642
breakfast_box,C:\Users\User\Desktop\DefectRAG\data\mvtec_loco_ad\breakfast_box\test\good\032.png,good,0,0.08559316396713257,9,10,0.11502480000490323
breakfast_box,C:\Users\User\Desktop\DefectRAG\data\mvtec_loco_ad\breakfast_box\test\good\033.png,good,0,0.07418626546859741,8,10,0.11528359999647364
breakfast_box,C:\Users\User\Desktop\DefectRAG\data\mvtec_loco_ad\breakfast_box\test\good\034.png,good,0,0.09556585550308228,8,7,0.1442135999968741
breakfast_box,C:\Users\User\Desktop\DefectRAG\data\mvtec_loco_ad\breakfast_box\test\good\035.png,good,0,0.07393133640289307,10,12,0.09804330000770278
breakfast_box,C:\Users\User\Desktop\DefectRAG\data\mvtec_loco_ad\breakfast_box\test\good\036.png,good,0,0.08854061365127563,8,7,0.11538519999885466
breakfast_box,C:\Users\User\Desktop\DefectRAG\data\mvtec_loco_ad\breakfast_box\test\good\037.png,good,0,0.10425394773483276,11,10,0.13402740001038183
breakfast_box,C:\Users\User\Desktop\DefectRAG\data\mvtec_loco_ad\breakfast_box\test\good\038.png,good,0,0.09758812189102173,10,11,0.1159509999997681
breakfast_box,C:\Users\User\Desktop\DefectRAG\data\mvtec_loco_ad\breakfast_box\test\good\039.png,good,0,0.08109849691390991,9,10,0.11662700001033954
breakfast_box,C:\Users\User\Desktop\DefectRAG\data\mvtec_loco_ad\breakfast_box\test\good\040.png,good,0,0.06704676151275635,7,11,0.1127760999952443
breakfast_box,C:\Users\User\Desktop\DefectRAG\data\mvtec_loco_ad\breakfast_box\test\good\041.png,good,0,0.08928602933883667,9,10,0.12222699999983888
breakfast_box,C:\Users\User\Desktop\DefectRAG\data\mvtec_loco_ad\breakfast_box\test\good\042.png,good,0,0.09502947330474854,11,8,0.11509400000795722
breakfast_box,C:\Users\User\Desktop\DefectRAG\data\mvtec_loco_ad\breakfast_box\test\good\043.png,good,0,0.07882517576217651,11,7,0.0961908999888692
breakfast_box,C:\Users\User\Desktop\DefectRAG\data\mvtec_loco_ad\breakfast_box\test\good\044.png,good,0,0.07244032621383667,4,10,0.11307229999511037
breakfast_box,C:\Users\User\Desktop\DefectRAG\data\mvtec_loco_ad\breakfast_box\test\good\045.png,good,0,0.10170626640319824,10,8,0.11915879999287426
breakfast_box,C:\Users\User\Desktop\DefectRAG\data\mvtec_loco_ad\breakfast_box\test\good\046.png,good,0,0.07190245389938354,11,8,0.10925649999990128
breakfast_box,C:\Users\User\Desktop\DefectRAG\data\mvtec_loco_ad\breakfast_box\test\good\047.png,good,0,0.07005894184112549,8,9,0.11370539999916218
breakfast_box,C:\Users\User\Desktop\DefectRAG\data\mvtec_loco_ad\breakfast_box\test\good\048.png,good,0,0.06657731533050537,8,7,0.10363320000760723
breakfast_box,C:\Users\User\Desktop\DefectRAG\data\mvtec_loco_ad\breakfast_box\test\good\049.png,good,0,0.07009536027908325,11,9,0.11550500000885222
breakfast_box,C:\Users\User\Desktop\DefectRAG\data\mvtec_loco_ad\breakfast_box\test\good\050.png,good,0,0.07275670766830444,10,12,0.15090130000317004
breakfast_box,C:\Users\User\Desktop\DefectRAG\data\mvtec_loco_ad\breakfast_box\test\good\051.png,good,0,0.08076775074005127,8,8,0.10088640000321902
breakfast_box,C:\Users\User\Desktop\DefectRAG\data\mvtec_loco_ad\breakfast_box\test\good\052.png,good,0,0.07261210680007935,12,9,0.11998609999136534
breakfast_box,C:\Users\User\Desktop\DefectRAG\data\mvtec_loco_ad\breakfast_box\test\good\053.png,good,0,0.10240751504898071,9,8,0.10632980000809766
breakfast_box,C:\Users\User\Desktop\DefectRAG\data\mvtec_loco_ad\breakfast_box\test\good\054.png,good,0,0.09056001901626587,8,7,0.1068134000088321
breakfast_box,C:\Users\User\Desktop\DefectRAG\data\mvtec_loco_ad\breakfast_box\test\good\055.png,good,0,0.08308488130569458,7,12,0.10214529999939259
breakfast_box,C:\Users\User\Desktop\DefectRAG\data\mvtec_loco_ad\breakfast_box\test\good\056.png,good,0,0.07872402667999268,10,8,0.11483890000090469
breakfast_box,C:\Users\User\Desktop\DefectRAG\data\mvtec_loco_ad\breakfast_box\test\good\057.png,good,0,0.07333868741989136,10,11,0.11199479999777395
breakfast_box,C:\Users\User\Desktop\DefectRAG\data\mvtec_loco_ad\breakfast_box\test\good\058.png,good,0,0.08215177059173584,8,8,0.11358980000659358
breakfast_box,C:\Users\User\Desktop\DefectRAG\data\mvtec_loco_ad\breakfast_box\test\good\059.png,good,0,0.1028141975402832,12,10,0.11005760000261944
breakfast_box,C:\Users\User\Desktop\DefectRAG\data\mvtec_loco_ad\breakfast_box\test\good\060.png,good,0,0.08564847707748413,10,12,0.11349050000717398
breakfast_box,C:\Users\User\Desktop\DefectRAG\data\mvtec_loco_ad\breakfast_box\test\good\061.png,good,0,0.07150042057037354,10,10,0.1058636999950977
breakfast_box,C:\Users\User\Desktop\DefectRAG\data\mvtec_loco_ad\breakfast_box\test\good\062.png,good,0,0.1040114164352417,1,3,0.1169398999918485
breakfast_box,C:\Users\User\Desktop\DefectRAG\data\mvtec_loco_ad\breakfast_box\test\good\063.png,good,0,0.0642932653427124,10,11,0.10565710000810213
breakfast_box,C:\Users\User\Desktop\DefectRAG\data\mvtec_loco_ad\breakfast_box\test\good\064.png,good,0,0.07918286323547363,9,9,0.10931020000134595
breakfast_box,C:\Users\User\Desktop\DefectRAG\data\mvtec_loco_ad\breakfast_box\test\good\065.png,good,0,0.09582728147506714,11,8,0.1113815999997314
breakfast_box,C:\Users\User\Desktop\DefectRAG\data\mvtec_loco_ad\breakfast_box\test\good\066.png,good,0,0.07405233383178711,9,8,0.11854599999787752
breakfast_box,C:\Users\User\Desktop\DefectRAG\data\mvtec_loco_ad\breakfast_box\test\good\067.png,good,0,0.06934744119644165,11,11,0.10969949999707751
breakfast_box,C:\Users\User\Desktop\DefectRAG\data\mvtec_loco_ad\breakfast_box\test\good\068.png,good,0,0.06683695316314697,7,1,0.12809399999969173
breakfast_box,C:\Users\User\Desktop\DefectRAG\data\mvtec_loco_ad\breakfast_box\test\good\069.png,good,0,0.07601708173751831,11,9,0.10887710000679363
breakfast_box,C:\Users\User\Desktop\DefectRAG\data\mvtec_loco_ad\breakfast_box\test\good\070.png,good,0,0.07446897029876709,12,9,0.103709599992726
breakfast_box,C:\Users\User\Desktop\DefectRAG\data\mvtec_loco_ad\breakfast_box\test\good\071.png,good,0,0.06363886594772339,9,9,0.10923499999626074
breakfast_box,C:\Users\User\Desktop\DefectRAG\data\mvtec_loco_ad\breakfast_box\test\good\072.png,good,0,0.06788820028305054,11,7,0.14887479999742936
breakfast_box,C:\Users\User\Desktop\DefectRAG\data\mvtec_loco_ad\breakfast_box\test\good\073.png,good,0,0.07180970907211304,10,10,0.11823539999022614
breakfast_box,C:\Users\User\Desktop\DefectRAG\data\mvtec_loco_ad\breakfast_box\test\good\074.png,good,0,0.08370941877365112,8,9,0.10860760000650771
breakfast_box,C:\Users\User\Desktop\DefectRAG\data\mvtec_loco_ad\breakfast_box\test\good\075.png,good,0,0.10661643743515015,8,12,0.12090350000653416
breakfast_box,C:\Users\User\Desktop\DefectRAG\data\mvtec_loco_ad\breakfast_box\test\good\076.png,good,0,0.08189433813095093,9,7,0.1132995999942068
breakfast_box,C:\Users\User\Desktop\DefectRAG\data\mvtec_loco_ad\breakfast_box\test\good\077.png,good,0,0.07962512969970703,9,8,0.11767459999828134
breakfast_box,C:\Users\User\Desktop\DefectRAG\data\mvtec_loco_ad\breakfast_box\test\good\078.png,good,0,0.08260643482208252,7,2,0.12103849998675287
breakfast_box,C:\Users\User\Desktop\DefectRAG\data\mvtec_loco_ad\breakfast_box\test\good\079.png,good,0,0.08558821678161621,10,7,0.11146300000837073
breakfast_box,C:\Users\User\Desktop\DefectRAG\data\mvtec_loco_ad\breakfast_box\test\good\080.png,good,0,0.08014422655105591,10,10,0.11784330000227783
breakfast_box,C:\Users\User\Desktop\DefectRAG\data\mvtec_loco_ad\breakfast_box\test\good\081.png,good,0,0.07370853424072266,8,7,0.10954410000704229
breakfast_box,C:\Users\User\Desktop\DefectRAG\data\mvtec_loco_ad\breakfast_box\test\good\082.png,good,0,0.08278089761734009,9,8,0.1218362000072375
breakfast_box,C:\Users\User\Desktop\DefectRAG\data\mvtec_loco_ad\breakfast_box\test\good\083.png,good,0,0.07274430990219116,11,10,0.12154480000026524
breakfast_box,C:\Users\User\Desktop\DefectRAG\data\mvtec_loco_ad\breakfast_box\test\good\084.png,good,0,0.08016538619995117,9,9,0.15456660000199918
breakfast_box,C:\Users\User\Desktop\DefectRAG\data\mvtec_loco_ad\breakfast_box\test\good\085.png,good,0,0.08429825305938721,11,8,0.19002520000503864
breakfast_box,C:\Users\User\Desktop\DefectRAG\data\mvtec_loco_ad\breakfast_box\test\good\086.png,good,0,0.09410834312438965,10,7,0.1818619999976363
breakfast_box,C:\Users\User\Desktop\DefectRAG\data\mvtec_loco_ad\breakfast_box\test\good\087.png,good,0,0.07117629051208496,11,8,0.19190530000196304
breakfast_box,C:\Users\User\Desktop\DefectRAG\data\mvtec_loco_ad\breakfast_box\test\good\088.png,good,0,0.0943455696105957,9,11,0.17956399999093264
breakfast_box,C:\Users\User\Desktop\DefectRAG\data\mvtec_loco_ad\breakfast_box\test\good\089.png,good,0,0.07567453384399414,10,12,0.17248449999897275
breakfast_box,C:\Users\User\Desktop\DefectRAG\data\mvtec_loco_ad\breakfast_box\test\good\090.png,good,0,0.06988978385925293,10,11,0.18187299999408424
breakfast_box,C:\Users\User\Desktop\DefectRAG\data\mvtec_loco_ad\breakfast_box\test\good\091.png,good,0,0.09090811014175415,8,8,0.17241240000294056
breakfast_box,C:\Users\User\Desktop\DefectRAG\data\mvtec_loco_ad\breakfast_box\test\good\092.png,good,0,0.0837012529373169,9,7,0.18575489999784622
breakfast_box,C:\Users\User\Desktop\DefectRAG\data\mvtec_loco_ad\breakfast_box\test\good\093.png,good,0,0.06470954418182373,11,1,0.17229849999421276
breakfast_box,C:\Users\User\Desktop\DefectRAG\data\mvtec_loco_ad\breakfast_box\test\good\094.png,good,0,0.06254452466964722,9,11,0.20847610000055283
breakfast_box,C:\Users\User\Desktop\DefectRAG\data\mvtec_loco_ad\breakfast_box\test\good\095.png,good,0,0.0745553970336914,9,8,0.17656029999488965
breakfast_box,C:\Users\User\Desktop\DefectRAG\data\mvtec_loco_ad\breakfast_box\test\good\096.png,good,0,0.07643049955368042,10,11,0.16590919998998288
breakfast_box,C:\Users\User\Desktop\DefectRAG\data\mvtec_loco_ad\breakfast_box\test\good\097.png,good,0,0.07029533386230469,9,12,0.20246710001083557
breakfast_box,C:\Users\User\Desktop\DefectRAG\data\mvtec_loco_ad\breakfast_box\test\good\098.png,good,0,0.07513099908828735,11,8,0.1754090000031283
breakfast_box,C:\Users\User\Desktop\DefectRAG\data\mvtec_loco_ad\breakfast_box\test\good\099.png,good,0,0.1329900026321411,0,13,0.18907429999671876
breakfast_box,C:\Users\User\Desktop\DefectRAG\data\mvtec_loco_ad\breakfast_box\test\good\100.png,good,0,0.07177752256393433,10,7,0.18147969999699853
breakfast_box,C:\Users\User\Desktop\DefectRAG\data\mvtec_loco_ad\breakfast_box\test\good\101.png,good,0,0.06853741407394409,11,10,0.16830819999449886
breakfast_box,C:\Users\User\Desktop\DefectRAG\data\mvtec_loco_ad\breakfast_box\test\logical_anomalies\000.png,logical_anomalies,1,0.1136549711227417,3,12,0.16150800000468735
breakfast_box,C:\Users\User\Desktop\DefectRAG\data\mvtec_loco_ad\breakfast_box\test\logical_anomalies\001.png,logical_anomalies,1,0.13879728317260742,6,12,0.17796200000157114
breakfast_box,C:\Users\User\Desktop\DefectRAG\data\mvtec_loco_ad\breakfast_box\test\logical_anomalies\002.png,logical_anomalies,1,0.1177486777305603,8,1,0.17900009998993482
breakfast_box,C:\Users\User\Desktop\DefectRAG\data\mvtec_loco_ad\breakfast_box\test\logical_anomalies\003.png,logical_anomalies,1,0.08265644311904907,11,12,0.18725390000327025
breakfast_box,C:\Users\User\Desktop\DefectRAG\data\mvtec_loco_ad\breakfast_box\test\logical_anomalies\004.png,logical_anomalies,1,0.08854812383651733,11,9,0.17158009999548085
breakfast_box,C:\Users\User\Desktop\DefectRAG\data\mvtec_loco_ad\breakfast_box\test\logical_anomalies\005.png,logical_anomalies,1,0.07835155725479126,7,9,0.17798469999979716
breakfast_box,C:\Users\User\Desktop\DefectRAG\data\mvtec_loco_ad\breakfast_box\test\logical_anomalies\006.png,logical_anomalies,1,0.070243239402771,8,7,0.17392250000557397
breakfast_box,C:\Users\User\Desktop\DefectRAG\data\mvtec_loco_ad\breakfast_box\test\logical_anomalies\007.png,logical_anomalies,1,0.1021575927734375,8,12,0.18099410001013894
breakfast_box,C:\Users\User\Desktop\DefectRAG\data\mvtec_loco_ad\breakfast_box\test\logical_anomalies\008.png,logical_anomalies,1,0.0889962911605835,10,8,0.1891487000102643
breakfast_box,C:\Users\User\Desktop\DefectRAG\data\mvtec_loco_ad\breakfast_box\test\logical_anomalies\009.png,logical_anomalies,1,0.09364300966262817,9,10,0.1750943999941228
breakfast_box,C:\Users\User\Desktop\DefectRAG\data\mvtec_loco_ad\breakfast_box\test\logical_anomalies\010.png,logical_anomalies,1,0.07671421766281128,11,11,0.1732581999967806
breakfast_box,C:\Users\User\Desktop\DefectRAG\data\mvtec_loco_ad\breakfast_box\test\logical_anomalies\011.png,logical_anomalies,1,0.08252054452896118,9,9,0.19163960000150837
breakfast_box,C:\Users\User\Desktop\DefectRAG\data\mvtec_loco_ad\breakfast_box\test\logical_anomalies\012.png,logical_anomalies,1,0.09337246417999268,10,9,0.17417830000340473
breakfast_box,C:\Users\User\Desktop\DefectRAG\data\mvtec_loco_ad\breakfast_box\test\logical_anomalies\013.png,logical_anomalies,1,0.07107728719711304,8,8,0.18583750000107102
breakfast_box,C:\Users\User\Desktop\DefectRAG\data\mvtec_loco_ad\breakfast_box\test\logical_anomalies\014.png,logical_anomalies,1,0.1111183762550354,11,9,0.17474659999425057
breakfast_box,C:\Users\User\Desktop\DefectRAG\data\mvtec_loco_ad\breakfast_box\test\logical_anomalies\015.png,logical_anomalies,1,0.07389378547668457,11,9,0.16451170000073034
breakfast_box,C:\Users\User\Desktop\DefectRAG\data\mvtec_loco_ad\breakfast_box\test\logical_anomalies\016.png,logical_anomalies,1,0.07210463285446167,10,11,0.1719429999939166
breakfast_box,C:\Users\User\Desktop\DefectRAG\data\mvtec_loco_ad\breakfast_box\test\logical_anomalies\017.png,logical_anomalies,1,0.09036248922348022,9,9,0.16904470000008587
breakfast_box,C:\Users\User\Desktop\DefectRAG\data\mvtec_loco_ad\breakfast_box\test\logical_anomalies\018.png,logical_anomalies,1,0.07613056898117065,11,7,0.17676260000735056
breakfast_box,C:\Users\User\Desktop\DefectRAG\data\mvtec_loco_ad\breakfast_box\test\logical_anomalies\019.png,logical_anomalies,1,0.0833551287651062,11,7,0.18875020000268705
breakfast_box,C:\Users\User\Desktop\DefectRAG\data\mvtec_loco_ad\breakfast_box\test\logical_anomalies\020.png,logical_anomalies,1,0.07356011867523193,2,1,0.22662620000483003
breakfast_box,C:\Users\User\Desktop\DefectRAG\data\mvtec_loco_ad\breakfast_box\test\logical_anomalies\021.png,logical_anomalies,1,0.07216125726699829,9,7,0.1814231999887852
breakfast_box,C:\Users\User\Desktop\DefectRAG\data\mvtec_loco_ad\breakfast_box\test\logical_anomalies\022.png,logical_anomalies,1,0.09211474657058716,8,9,0.19162930001039058
breakfast_box,C:\Users\User\Desktop\DefectRAG\data\mvtec_loco_ad\breakfast_box\test\logical_anomalies\023.png,logical_anomalies,1,0.09344977140426636,11,9,0.22178880000137724
breakfast_box,C:\Users\User\Desktop\DefectRAG\data\mvtec_loco_ad\breakfast_box\test\logical_anomalies\024.png,logical_anomalies,1,0.08202028274536133,11,7,0.19118330000492278
breakfast_box,C:\Users\User\Desktop\DefectRAG\data\mvtec_loco_ad\breakfast_box\test\logical_anomalies\025.png,logical_anomalies,1,0.17348819971084595,5,10,0.17706319999706466
breakfast_box,C:\Users\User\Desktop\DefectRAG\data\mvtec_loco_ad\breakfast_box\test\logical_anomalies\026.png,logical_anomalies,1,0.17993181943893433,4,9,0.18897119999746792
breakfast_box,C:\Users\User\Desktop\DefectRAG\data\mvtec_loco_ad\breakfast_box\test\logical_anomalies\027.png,logical_anomalies,1,0.17120623588562012,6,10,0.18103449999762233
breakfast_box,C:\Users\User\Desktop\DefectRAG\data\mvtec_loco_ad\breakfast_box\test\logical_anomalies\028.png,logical_anomalies,1,0.16747838258743286,5,8,0.19422399999166373
breakfast_box,C:\Users\User\Desktop\DefectRAG\data\mvtec_loco_ad\breakfast_box\test\logical_anomalies\029.png,logical_anomalies,1,0.19339823722839355,5,9,0.17304899998998735
breakfast_box,C:\Users\User\Desktop\DefectRAG\data\mvtec_loco_ad\breakfast_box\test\logical_anomalies\030.png,logical_anomalies,1,0.1812477707862854,4,9,0.17829149999306537
breakfast_box,C:\Users\User\Desktop\DefectRAG\data\mvtec_loco_ad\breakfast_box\test\logical_anomalies\031.png,logical_anomalies,1,0.17942452430725098,5,9,0.17829209999763407
breakfast_box,C:\Users\User\Desktop\DefectRAG\data\mvtec_loco_ad\breakfast_box\test\logical_anomalies\032.png,logical_anomalies,1,0.1700824499130249,5,9,0.1649704000010388
breakfast_box,C:\Users\User\Desktop\DefectRAG\data\mvtec_loco_ad\breakfast_box\test\logical_anomalies\033.png,logical_anomalies,1,0.25580036640167236,5,10,0.16217319999122992
breakfast_box,C:\Users\User\Desktop\DefectRAG\data\mvtec_loco_ad\breakfast_box\test\logical_anomalies\034.png,logical_anomalies,1,0.24452054500579834,5,10,0.16080919999512844
breakfast_box,C:\Users\User\Desktop\DefectRAG\data\mvtec_loco_ad\breakfast_box\test\logical_anomalies\035.png,logical_anomalies,1,0.24135994911193848,4,10,0.186811099993065
breakfast_box,C:\Users\User\Desktop\DefectRAG\data\mvtec_loco_ad\breakfast_box\test\logical_anomalies\036.png,logical_anomalies,1,0.24989736080169678,4,10,0.16510030000063125
breakfast_box,C:\Users\User\Desktop\DefectRAG\data\mvtec_loco_ad\breakfast_box\test\logical_anomalies\037.png,logical_anomalies,1,0.15933048725128174,10,9,0.17942680000851396
breakfast_box,C:\Users\User\Desktop\DefectRAG\data\mvtec_loco_ad\breakfast_box\test\logical_anomalies\038.png,logical_anomalies,1,0.19488179683685303,9,10,0.18339320000086445
breakfast_box,C:\Users\User\Desktop\DefectRAG\data\mvtec_loco_ad\breakfast_box\test\logical_anomalies\039.png,logical_anomalies,1,0.16687440872192383,9,10,0.17243420000886545
breakfast_box,C:\Users\User\Desktop\DefectRAG\data\mvtec_loco_ad\breakfast_box\test\logical_anomalies\040.png,logical_anomalies,1,0.17940962314605713,9,10,0.18062100000679493
breakfast_box,C:\Users\User\Desktop\DefectRAG\data\mvtec_loco_ad\breakfast_box\test\logical_anomalies\041.png,logical_anomalies,1,0.24113821983337402,9,10,0.1753591000015149
breakfast_box,C:\Users\User\Desktop\DefectRAG\data\mvtec_loco_ad\breakfast_box\test\logical_anomalies\042.png,logical_anomalies,1,0.1981738805770874,9,10,0.19098980000126176
breakfast_box,C:\Users\User\Desktop\DefectRAG\data\mvtec_loco_ad\breakfast_box\test\logical_anomalies\043.png,logical_anomalies,1,0.20549249649047852,9,10,0.1755288999993354
breakfast_box,C:\Users\User\Desktop\DefectRAG\data\mvtec_loco_ad\breakfast_box\test\logical_anomalies\044.png,logical_anomalies,1,0.17668235301971436,3,4,0.1748520999972243
breakfast_box,C:\Users\User\Desktop\DefectRAG\data\mvtec_loco_ad\breakfast_box\test\logical_anomalies\045.png,logical_anomalies,1,0.16611617803573608,5,2,0.17719930000021122
breakfast_box,C:\Users\User\Desktop\DefectRAG\data\mvtec_loco_ad\breakfast_box\test\logical_anomalies\046.png,logical_anomalies,1,0.1697407364845276,5,4,0.17657260000123642
breakfast_box,C:\Users\User\Desktop\DefectRAG\data\mvtec_loco_ad\breakfast_box\test\logical_anomalies\047.png,logical_anomalies,1,0.1179855465888977,5,4,0.177543700003298
breakfast_box,C:\Users\User\Desktop\DefectRAG\data\mvtec_loco_ad\breakfast_box\test\logical_anomalies\048.png,logical_anomalies,1,0.07779335975646973,9,7,0.17432809999445453
breakfast_box,C:\Users\User\Desktop\DefectRAG\data\mvtec_loco_ad\breakfast_box\test\logical_anomalies\049.png,logical_anomalies,1,0.09088772535324097,8,12,0.16707190001034178
breakfast_box,C:\Users\User\Desktop\DefectRAG\data\mvtec_loco_ad\breakfast_box\test\logical_anomalies\050.png,logical_anomalies,1,0.0997471809387207,8,7,0.16691070000524633
breakfast_box,C:\Users\User\Desktop\DefectRAG\data\mvtec_loco_ad\breakfast_box\test\logical_anomalies\051.png,logical_anomalies,1,0.10630673170089722,9,11,0.1646080000064103
breakfast_box,C:\Users\User\Desktop\DefectRAG\data\mvtec_loco_ad\breakfast_box\test\logical_anomalies\052.png,logical_anomalies,1,0.08999490737915039,11,11,0.17712399999436457
breakfast_box,C:\Users\User\Desktop\DefectRAG\data\mvtec_loco_ad\breakfast_box\test\logical_anomalies\053.png,logical_anomalies,1,0.10353356599807739,9,4,0.18091919999278616
breakfast_box,C:\Users\User\Desktop\DefectRAG\data\mvtec_loco_ad\breakfast_box\test\logical_anomalies\054.png,logical_anomalies,1,0.07990258932113647,2,1,0.18293340000673197
breakfast_box,C:\Users\User\Desktop\DefectRAG\data\mvtec_loco_ad\breakfast_box\test\logical_anomalies\055.png,logical_anomalies,1,0.07906132936477661,7,9,0.18051719998766202
breakfast_box,C:\Users\User\Desktop\DefectRAG\data\mvtec_loco_ad\breakfast_box\test\logical_anomalies\056.png,logical_anomalies,1,0.0960468053817749,10,8,0.1855535999929998
breakfast_box,C:\Users\User\Desktop\DefectRAG\data\mvtec_loco_ad\breakfast_box\test\logical_anomalies\057.png,logical_anomalies,1,0.07635223865509033,9,7,0.19080109999049455
breakfast_box,C:\Users\User\Desktop\DefectRAG\data\mvtec_loco_ad\breakfast_box\test\logical_anomalies\058.png,logical_anomalies,1,0.09180659055709839,3,2,0.19851269999344368
breakfast_box,C:\Users\User\Desktop\DefectRAG\data\mvtec_loco_ad\breakfast_box\test\logical_anomalies\059.png,logical_anomalies,1,0.0798383355140686,3,3,0.20423529999970924
breakfast_box,C:\Users\User\Desktop\DefectRAG\data\mvtec_loco_ad\breakfast_box\test\logical_anomalies\060.png,logical_anomalies,1,0.08236682415008545,8,9,0.18431010001222603
breakfast_box,C:\Users\User\Desktop\DefectRAG\data\mvtec_loco_ad\breakfast_box\test\logical_anomalies\061.png,logical_anomalies,1,0.10879987478256226,3,3,0.1729849999974249
breakfast_box,C:\Users\User\Desktop\DefectRAG\data\mvtec_loco_ad\breakfast_box\test\logical_anomalies\062.png,logical_anomalies,1,0.08341914415359497,3,2,0.17439639999065548
breakfast_box,C:\Users\User\Desktop\DefectRAG\data\mvtec_loco_ad\breakfast_box\test\logical_anomalies\063.png,logical_anomalies,1,0.09144777059555054,8,12,0.17689759998756927
breakfast_box,C:\Users\User\Desktop\DefectRAG\data\mvtec_loco_ad\breakfast_box\test\logical_anomalies\064.png,logical_anomalies,1,0.07431447505950928,9,9,0.19355770001129713
breakfast_box,C:\Users\User\Desktop\DefectRAG\data\mvtec_loco_ad\breakfast_box\test\logical_anomalies\065.png,logical_anomalies,1,0.1591506004333496,5,3,0.24245040000823792
breakfast_box,C:\Users\User\Desktop\DefectRAG\data\mvtec_loco_ad\breakfast_box\test\logical_anomalies\066.png,logical_anomalies,1,0.07478165626525879,10,8,0.18238399999972899
breakfast_box,C:\Users\User\Desktop\DefectRAG\data\mvtec_loco_ad\breakfast_box\test\logical_anomalies\067.png,logical_anomalies,1,0.13715779781341553,5,3,0.17543499999737833
breakfast_box,C:\Users\User\Desktop\DefectRAG\data\mvtec_loco_ad\breakfast_box\test\logical_anomalies\068.png,logical_anomalies,1,0.0978497862815857,9,8,0.1991587999946205
breakfast_box,C:\Users\User\Desktop\DefectRAG\data\mvtec_loco_ad\breakfast_box\test\logical_anomalies\069.png,logical_anomalies,1,0.08519983291625977,8,8,0.1989971000002697
breakfast_box,C:\Users\User\Desktop\DefectRAG\data\mvtec_loco_ad\breakfast_box\test\logical_anomalies\070.png,logical_anomalies,1,0.10333800315856934,7,9,0.17609019999508746
breakfast_box,C:\Users\User\Desktop\DefectRAG\data\mvtec_loco_ad\breakfast_box\test\logical_anomalies\071.png,logical_anomalies,1,0.11843317747116089,6,12,0.16788979999546427
breakfast_box,C:\Users\User\Desktop\DefectRAG\data\mvtec_loco_ad\breakfast_box\test\logical_anomalies\072.png,logical_anomalies,1,0.08202129602432251,8,4,0.19391999999061227
breakfast_box,C:\Users\User\Desktop\DefectRAG\data\mvtec_loco_ad\breakfast_box\test\logical_anomalies\073.png,logical_anomalies,1,0.11422652006149292,10,8,0.17296209999767598
breakfast_box,C:\Users\User\Desktop\DefectRAG\data\mvtec_loco_ad\breakfast_box\test\logical_anomalies\074.png,logical_anomalies,1,0.09058570861816406,5,6,0.16297609999310225
breakfast_box,C:\Users\User\Desktop\DefectRAG\data\mvtec_loco_ad\breakfast_box\test\logical_anomalies\075.png,logical_anomalies,1,0.09013229608535767,12,9,0.1979635000025155
breakfast_box,C:\Users\User\Desktop\DefectRAG\data\mvtec_loco_ad\breakfast_box\test\logical_anomalies\076.png,logical_anomalies,1,0.10000509023666382,10,12,0.18511359998956323
breakfast_box,C:\Users\User\Desktop\DefectRAG\data\mvtec_loco_ad\breakfast_box\test\logical_anomalies\077.png,logical_anomalies,1,0.06857490539550781,11,10,0.17432910000206903
breakfast_box,C:\Users\User\Desktop\DefectRAG\data\mvtec_loco_ad\breakfast_box\test\logical_anomalies\078.png,logical_anomalies,1,0.13987421989440918,1,9,0.18038460001116619
breakfast_box,C:\Users\User\Desktop\DefectRAG\data\mvtec_loco_ad\breakfast_box\test\logical_anomalies\079.png,logical_anomalies,1,0.1323714256286621,1,8,0.1886709999962477
breakfast_box,C:\Users\User\Desktop\DefectRAG\data\mvtec_loco_ad\breakfast_box\test\logical_anomalies\080.png,logical_anomalies,1,0.0847327709197998,10,9,0.17327210000075866
breakfast_box,C:\Users\User\Desktop\DefectRAG\data\mvtec_loco_ad\breakfast_box\test\logical_anomalies\081.png,logical_anomalies,1,0.08396071195602417,11,7,0.17541450000135228
breakfast_box,C:\Users\User\Desktop\DefectRAG\data\mvtec_loco_ad\breakfast_box\test\logical_anomalies\082.png,logical_anomalies,1,0.14100778102874756,1,7,0.17229770000267308
breakfast_box,C:\Users\User\Desktop\DefectRAG\data\mvtec_loco_ad\breakfast_box\test\structural_anomalies\000.png,structural_anomalies,1,0.07008004188537598,10,11,0.16567899999790825
breakfast_box,C:\Users\User\Desktop\DefectRAG\data\mvtec_loco_ad\breakfast_box\test\structural_anomalies\001.png,structural_anomalies,1,0.06499999761581421,11,9,0.167287899996154
breakfast_box,C:\Users\User\Desktop\DefectRAG\data\mvtec_loco_ad\breakfast_box\test\structural_anomalies\002.png,structural_anomalies,1,0.10175299644470215,11,8,0.15977949999796692
breakfast_box,C:\Users\User\Desktop\DefectRAG\data\mvtec_loco_ad\breakfast_box\test\structural_anomalies\003.png,structural_anomalies,1,0.08229029178619385,11,9,0.185068599996157
breakfast_box,C:\Users\User\Desktop\DefectRAG\data\mvtec_loco_ad\breakfast_box\test\structural_anomalies\004.png,structural_anomalies,1,0.22825884819030762,10,10,0.17343500000424683
breakfast_box,C:\Users\User\Desktop\DefectRAG\data\mvtec_loco_ad\breakfast_box\test\structural_anomalies\005.png,structural_anomalies,1,0.08061951398849487,8,9,0.1781572000036249
breakfast_box,C:\Users\User\Desktop\DefectRAG\data\mvtec_loco_ad\breakfast_box\test\structural_anomalies\006.png,structural_anomalies,1,0.0655057430267334,8,9,0.1767688999971142
breakfast_box,C:\Users\User\Desktop\DefectRAG\data\mvtec_loco_ad\breakfast_box\test\structural_anomalies\007.png,structural_anomalies,1,0.1222793459892273,10,5,0.2019430999935139
breakfast_box,C:\Users\User\Desktop\DefectRAG\data\mvtec_loco_ad\breakfast_box\test\structural_anomalies\008.png,structural_anomalies,1,0.15166997909545898,11,5,0.2147287999978289
breakfast_box,C:\Users\User\Desktop\DefectRAG\data\mvtec_loco_ad\breakfast_box\test\structural_anomalies\009.png,structural_anomalies,1,0.09050893783569336,10,9,0.17035509999550413
breakfast_box,C:\Users\User\Desktop\DefectRAG\data\mvtec_loco_ad\breakfast_box\test\structural_anomalies\010.png,structural_anomalies,1,0.24524474143981934,6,0,0.17682730000524316
breakfast_box,C:\Users\User\Desktop\DefectRAG\data\mvtec_loco_ad\breakfast_box\test\structural_anomalies\011.png,structural_anomalies,1,0.24756956100463867,9,8,0.1679872999957297
breakfast_box,C:\Users\User\Desktop\DefectRAG\data\mvtec_loco_ad\breakfast_box\test\structural_anomalies\012.png,structural_anomalies,1,0.13790160417556763,3,11,0.17841510000289418
breakfast_box,C:\Users\User\Desktop\DefectRAG\data\mvtec_loco_ad\breakfast_box\test\structural_anomalies\013.png,structural_anomalies,1,0.07114887237548828,10,8,0.17598719999659806
breakfast_box,C:\Users\User\Desktop\DefectRAG\data\mvtec_loco_ad\breakfast_box\test\structural_anomalies\014.png,structural_anomalies,1,0.239388108253479,7,5,0.17109620000701398
breakfast_box,C:\Users\User\Desktop\DefectRAG\data\mvtec_loco_ad\breakfast_box\test\structural_anomalies\015.png,structural_anomalies,1,0.08087706565856934,10,12,0.17914160000509582
breakfast_box,C:\Users\User\Desktop\DefectRAG\data\mvtec_loco_ad\breakfast_box\test\structural_anomalies\016.png,structural_anomalies,1,0.16511386632919312,7,1,0.1645351000042865
breakfast_box,C:\Users\User\Desktop\DefectRAG\data\mvtec_loco_ad\breakfast_box\test\structural_anomalies\017.png,structural_anomalies,1,0.1766490936279297,10,5,0.18430540000554174
breakfast_box,C:\Users\User\Desktop\DefectRAG\data\mvtec_loco_ad\breakfast_box\test\structural_anomalies\018.png,structural_anomalies,1,0.35310548543930054,7,2,0.16037069998856168
breakfast_box,C:\Users\User\Desktop\DefectRAG\data\mvtec_loco_ad\breakfast_box\test\structural_anomalies\019.png,structural_anomalies,1,0.09467804431915283,6,5,0.15878549999615643
breakfast_box,C:\Users\User\Desktop\DefectRAG\data\mvtec_loco_ad\breakfast_box\test\structural_anomalies\020.png,structural_anomalies,1,0.22994160652160645,2,8,0.16425000000162981
breakfast_box,C:\Users\User\Desktop\DefectRAG\data\mvtec_loco_ad\breakfast_box\test\structural_anomalies\021.png,structural_anomalies,1,0.11486262083053589,10,2,0.17875059999641962
breakfast_box,C:\Users\User\Desktop\DefectRAG\data\mvtec_loco_ad\breakfast_box\test\structural_anomalies\022.png,structural_anomalies,1,0.09011310338973999,8,5,0.1789108000084525
breakfast_box,C:\Users\User\Desktop\DefectRAG\data\mvtec_loco_ad\breakfast_box\test\structural_anomalies\023.png,structural_anomalies,1,0.10085153579711914,4,8,0.17892439999559429
breakfast_box,C:\Users\User\Desktop\DefectRAG\data\mvtec_loco_ad\breakfast_box\test\structural_anomalies\024.png,structural_anomalies,1,0.10644537210464478,5,6,0.16258650000963826
breakfast_box,C:\Users\User\Desktop\DefectRAG\data\mvtec_loco_ad\breakfast_box\test\structural_anomalies\025.png,structural_anomalies,1,0.1918250322341919,9,11,0.16749069999787025
breakfast_box,C:\Users\User\Desktop\DefectRAG\data\mvtec_loco_ad\breakfast_box\test\structural_anomalies\026.png,structural_anomalies,1,0.1500343680381775,3,8,0.21220489998813719
breakfast_box,C:\Users\User\Desktop\DefectRAG\data\mvtec_loco_ad\breakfast_box\test\structural_anomalies\027.png,structural_anomalies,1,0.19296884536743164,6,3,0.15168090000224765
breakfast_box,C:\Users\User\Desktop\DefectRAG\data\mvtec_loco_ad\breakfast_box\test\structural_anomalies\028.png,structural_anomalies,1,0.07984775304794312,8,9,0.1243183000042336
breakfast_box,C:\Users\User\Desktop\DefectRAG\data\mvtec_loco_ad\breakfast_box\test\structural_anomalies\029.png,structural_anomalies,1,0.16329973936080933,3,10,0.12166889999934938
breakfast_box,C:\Users\User\Desktop\DefectRAG\data\mvtec_loco_ad\breakfast_box\test\structural_anomalies\030.png,structural_anomalies,1,0.23123794794082642,9,5,0.12523969999165274
breakfast_box,C:\Users\User\Desktop\DefectRAG\data\mvtec_loco_ad\breakfast_box\test\structural_anomalies\031.png,structural_anomalies,1,0.11592429876327515,5,4,0.1315210000029765
breakfast_box,C:\Users\User\Desktop\DefectRAG\data\mvtec_loco_ad\breakfast_box\test\structural_anomalies\032.png,structural_anomalies,1,0.1424351930618286,4,10,0.1122480999911204
breakfast_box,C:\Users\User\Desktop\DefectRAG\data\mvtec_loco_ad\breakfast_box\test\structural_anomalies\033.png,structural_anomalies,1,0.08962267637252808,4,10,0.10786159998679068
breakfast_box,C:\Users\User\Desktop\DefectRAG\data\mvtec_loco_ad\breakfast_box\test\structural_anomalies\034.png,structural_anomalies,1,0.06358033418655396,8,11,0.09426900000835303
breakfast_box,C:\Users\User\Desktop\DefectRAG\data\mvtec_loco_ad\breakfast_box\test\structural_anomalies\035.png,structural_anomalies,1,0.23093736171722412,11,9,0.10221469998941757
breakfast_box,C:\Users\User\Desktop\DefectRAG\data\mvtec_loco_ad\breakfast_box\test\structural_anomalies\036.png,structural_anomalies,1,0.09327799081802368,3,3,0.10536370000045281
breakfast_box,C:\Users\User\Desktop\DefectRAG\data\mvtec_loco_ad\breakfast_box\test\structural_anomalies\037.png,structural_anomalies,1,0.10591268539428711,9,9,0.11912180000217631
breakfast_box,C:\Users\User\Desktop\DefectRAG\data\mvtec_loco_ad\breakfast_box\test\structural_anomalies\038.png,structural_anomalies,1,0.08784425258636475,5,10,0.12729550000221934
breakfast_box,C:\Users\User\Desktop\DefectRAG\data\mvtec_loco_ad\breakfast_box\test\structural_anomalies\039.png,structural_anomalies,1,0.19547772407531738,4,8,0.11300440000195522
breakfast_box,C:\Users\User\Desktop\DefectRAG\data\mvtec_loco_ad\breakfast_box\test\structural_anomalies\040.png,structural_anomalies,1,0.19191974401474,5,9,0.11128369999642018
breakfast_box,C:\Users\User\Desktop\DefectRAG\data\mvtec_loco_ad\breakfast_box\test\structural_anomalies\041.png,structural_anomalies,1,0.11043602228164673,4,9,0.11755209999682847
breakfast_box,C:\Users\User\Desktop\DefectRAG\data\mvtec_loco_ad\breakfast_box\test\structural_anomalies\042.png,structural_anomalies,1,0.10929971933364868,5,11,0.10560520000581164
breakfast_box,C:\Users\User\Desktop\DefectRAG\data\mvtec_loco_ad\breakfast_box\test\structural_anomalies\043.png,structural_anomalies,1,0.10376197099685669,4,9,0.11200679998728447
breakfast_box,C:\Users\User\Desktop\DefectRAG\data\mvtec_loco_ad\breakfast_box\test\structural_anomalies\044.png,structural_anomalies,1,0.11432677507400513,8,9,0.09581400000024587
breakfast_box,C:\Users\User\Desktop\DefectRAG\data\mvtec_loco_ad\breakfast_box\test\structural_anomalies\045.png,structural_anomalies,1,0.0762333869934082,10,11,0.11410390000673942
breakfast_box,C:\Users\User\Desktop\DefectRAG\data\mvtec_loco_ad\breakfast_box\test\structural_anomalies\046.png,structural_anomalies,1,0.09325820207595825,10,8,0.114006400006474
breakfast_box,C:\Users\User\Desktop\DefectRAG\data\mvtec_loco_ad\breakfast_box\test\structural_anomalies\047.png,structural_anomalies,1,0.11242932081222534,6,3,0.1140672000037739
breakfast_box,C:\Users\User\Desktop\DefectRAG\data\mvtec_loco_ad\breakfast_box\test\structural_anomalies\048.png,structural_anomalies,1,0.14137756824493408,5,4,0.11746069999935571
breakfast_box,C:\Users\User\Desktop\DefectRAG\data\mvtec_loco_ad\breakfast_box\test\structural_anomalies\049.png,structural_anomalies,1,0.08614557981491089,8,8,0.107364299998153
breakfast_box,C:\Users\User\Desktop\DefectRAG\data\mvtec_loco_ad\breakfast_box\test\structural_anomalies\050.png,structural_anomalies,1,0.10722017288208008,11,9,0.10533099999884143
breakfast_box,C:\Users\User\Desktop\DefectRAG\data\mvtec_loco_ad\breakfast_box\test\structural_anomalies\051.png,structural_anomalies,1,0.1395135521888733,2,3,0.11197060000267811
breakfast_box,C:\Users\User\Desktop\DefectRAG\data\mvtec_loco_ad\breakfast_box\test\structural_anomalies\052.png,structural_anomalies,1,0.08305585384368896,3,2,0.10366720000456553
breakfast_box,C:\Users\User\Desktop\DefectRAG\data\mvtec_loco_ad\breakfast_box\test\structural_anomalies\053.png,structural_anomalies,1,0.09451431035995483,6,5,0.12557380000362173
breakfast_box,C:\Users\User\Desktop\DefectRAG\data\mvtec_loco_ad\breakfast_box\test\structural_anomalies\054.png,structural_anomalies,1,0.10452687740325928,11,8,0.12182049998955335
breakfast_box,C:\Users\User\Desktop\DefectRAG\data\mvtec_loco_ad\breakfast_box\test\structural_anomalies\055.png,structural_anomalies,1,0.08999359607696533,8,8,0.13028930001019035
breakfast_box,C:\Users\User\Desktop\DefectRAG\data\mvtec_loco_ad\breakfast_box\test\structural_anomalies\056.png,structural_anomalies,1,0.12529826164245605,12,4,0.10794849999365397
breakfast_box,C:\Users\User\Desktop\DefectRAG\data\mvtec_loco_ad\breakfast_box\test\structural_anomalies\057.png,structural_anomalies,1,0.09350544214248657,9,10,0.1202493000018876
breakfast_box,C:\Users\User\Desktop\DefectRAG\data\mvtec_loco_ad\breakfast_box\test\structural_anomalies\058.png,structural_anomalies,1,0.08034223318099976,10,8,0.10337089998938609
breakfast_box,C:\Users\User\Desktop\DefectRAG\data\mvtec_loco_ad\breakfast_box\test\structural_anomalies\059.png,structural_anomalies,1,0.1225014328956604,2,2,0.10852290000184439
breakfast_box,C:\Users\User\Desktop\DefectRAG\data\mvtec_loco_ad\breakfast_box\test\structural_anomalies\060.png,structural_anomalies,1,0.0829315185546875,8,11,0.1202047999977367
breakfast_box,C:\Users\User\Desktop\DefectRAG\data\mvtec_loco_ad\breakfast_box\test\structural_anomalies\061.png,structural_anomalies,1,0.06983691453933716,11,8,0.12428420000651386
breakfast_box,C:\Users\User\Desktop\DefectRAG\data\mvtec_loco_ad\breakfast_box\test\structural_anomalies\062.png,structural_anomalies,1,0.10801970958709717,10,2,0.11644080000405665
breakfast_box,C:\Users\User\Desktop\DefectRAG\data\mvtec_loco_ad\breakfast_box\test\structural_anomalies\063.png,structural_anomalies,1,0.06604146957397461,8,8,0.09699550000368617
breakfast_box,C:\Users\User\Desktop\DefectRAG\data\mvtec_loco_ad\breakfast_box\test\structural_anomalies\064.png,structural_anomalies,1,0.08353716135025024,7,8,0.09970669999893289
breakfast_box,C:\Users\User\Desktop\DefectRAG\data\mvtec_loco_ad\breakfast_box\test\structural_anomalies\065.png,structural_anomalies,1,0.08904486894607544,6,4,0.10287980000430252
breakfast_box,C:\Users\User\Desktop\DefectRAG\data\mvtec_loco_ad\breakfast_box\test\structural_anomalies\066.png,structural_anomalies,1,0.06647974252700806,10,8,0.13641560000542086
breakfast_box,C:\Users\User\Desktop\DefectRAG\data\mvtec_loco_ad\breakfast_box\test\structural_anomalies\067.png,structural_anomalies,1,0.07586205005645752,9,7,0.1275166999985231
breakfast_box,C:\Users\User\Desktop\DefectRAG\data\mvtec_loco_ad\breakfast_box\test\structural_anomalies\068.png,structural_anomalies,1,0.07655477523803711,8,7,0.10904999999911524
breakfast_box,C:\Users\User\Desktop\DefectRAG\data\mvtec_loco_ad\breakfast_box\test\structural_anomalies\069.png,structural_anomalies,1,0.0723828673362732,7,10,0.12604050000663847
breakfast_box,C:\Users\User\Desktop\DefectRAG\data\mvtec_loco_ad\breakfast_box\test\structural_anomalies\070.png,structural_anomalies,1,0.1849989891052246,2,2,0.1577401000104146
breakfast_box,C:\Users\User\Desktop\DefectRAG\data\mvtec_loco_ad\breakfast_box\test\structural_anomalies\071.png,structural_anomalies,1,0.07693171501159668,8,12,0.11106909999216441
breakfast_box,C:\Users\User\Desktop\DefectRAG\data\mvtec_loco_ad\breakfast_box\test\structural_anomalies\072.png,structural_anomalies,1,0.06447708606719971,9,11,0.14211339999746997
breakfast_box,C:\Users\User\Desktop\DefectRAG\data\mvtec_loco_ad\breakfast_box\test\structural_anomalies\073.png,structural_anomalies,1,0.07775735855102539,8,10,0.12720679999620188
breakfast_box,C:\Users\User\Desktop\DefectRAG\data\mvtec_loco_ad\breakfast_box\test\structural_anomalies\074.png,structural_anomalies,1,0.08103269338607788,10,8,0.11467650000122376
breakfast_box,C:\Users\User\Desktop\DefectRAG\data\mvtec_loco_ad\breakfast_box\test\structural_anomalies\075.png,structural_anomalies,1,0.13359451293945312,1,7,0.11737609999545384
breakfast_box,C:\Users\User\Desktop\DefectRAG\data\mvtec_loco_ad\breakfast_box\test\structural_anomalies\076.png,structural_anomalies,1,0.17959904670715332,1,6,0.09588819999771658
breakfast_box,C:\Users\User\Desktop\DefectRAG\data\mvtec_loco_ad\breakfast_box\test\structural_anomalies\077.png,structural_anomalies,1,0.14347243309020996,1,7,0.10755679999419954
breakfast_box,C:\Users\User\Desktop\DefectRAG\data\mvtec_loco_ad\breakfast_box\test\structural_anomalies\078.png,structural_anomalies,1,0.12242060899734497,1,7,0.09459190000779927
breakfast_box,C:\Users\User\Desktop\DefectRAG\data\mvtec_loco_ad\breakfast_box\test\structural_anomalies\079.png,structural_anomalies,1,0.15407532453536987,1,6,0.1207531999971252
breakfast_box,C:\Users\User\Desktop\DefectRAG\data\mvtec_loco_ad\breakfast_box\test\structural_anomalies\080.png,structural_anomalies,1,0.12928235530853271,1,9,0.12585440000111703
breakfast_box,C:\Users\User\Desktop\DefectRAG\data\mvtec_loco_ad\breakfast_box\test\structural_anomalies\081.png,structural_anomalies,1,0.13548433780670166,1,9,0.09650020000117365
breakfast_box,C:\Users\User\Desktop\DefectRAG\data\mvtec_loco_ad\breakfast_box\test\structural_anomalies\082.png,structural_anomalies,1,0.1203240156173706,1,10,0.1088300999981584
breakfast_box,C:\Users\User\Desktop\DefectRAG\data\mvtec_loco_ad\breakfast_box\test\structural_anomalies\083.png,structural_anomalies,1,0.08408695459365845,11,9,0.1262894000101369
breakfast_box,C:\Users\User\Desktop\DefectRAG\data\mvtec_loco_ad\breakfast_box\test\structural_anomalies\084.png,structural_anomalies,1,0.10432571172714233,12,8,0.12369340000441298
breakfast_box,C:\Users\User\Desktop\DefectRAG\data\mvtec_loco_ad\breakfast_box\test\structural_anomalies\085.png,structural_anomalies,1,0.095608651638031,12,10,0.1444523000100162
breakfast_box,C:\Users\User\Desktop\DefectRAG\data\mvtec_loco_ad\breakfast_box\test\structural_anomalies\086.png,structural_anomalies,1,0.09813535213470459,8,7,0.12377629999537021
breakfast_box,C:\Users\User\Desktop\DefectRAG\data\mvtec_loco_ad\breakfast_box\test\structural_anomalies\087.png,structural_anomalies,1,0.08356994390487671,10,10,0.14873500000976492
breakfast_box,C:\Users\User\Desktop\DefectRAG\data\mvtec_loco_ad\breakfast_box\test\structural_anomalies\088.png,structural_anomalies,1,0.09922802448272705,12,8,0.1341728000115836
breakfast_box,C:\Users\User\Desktop\DefectRAG\data\mvtec_loco_ad\breakfast_box\test\structural_anomalies\089.png,structural_anomalies,1,0.08543658256530762,12,10,0.13445530000899453
juice_bottle,C:\Users\User\Desktop\DefectRAG\data\mvtec_loco_ad\juice_bottle\test\good\000.png,good,0,0.02001643180847168,9,3,0.08431120000022929
juice_bottle,C:\Users\User\Desktop\DefectRAG\data\mvtec_loco_ad\juice_bottle\test\good\001.png,good,0,0.018703460693359375,2,11,0.07577609999862034
juice_bottle,C:\Users\User\Desktop\DefectRAG\data\mvtec_loco_ad\juice_bottle\test\good\002.png,good,0,0.018243372440338135,9,7,0.08420279998972546
juice_bottle,C:\Users\User\Desktop\DefectRAG\data\mvtec_loco_ad\juice_bottle\test\good\003.png,good,0,0.020420849323272705,11,10,0.07938339999236632
juice_bottle,C:\Users\User\Desktop\DefectRAG\data\mvtec_loco_ad\juice_bottle\test\good\004.png,good,0,0.020852625370025635,11,9,0.07901750000019092
juice_bottle,C:\Users\User\Desktop\DefectRAG\data\mvtec_loco_ad\juice_bottle\test\good\005.png,good,0,0.016902267932891846,12,5,0.08539069999824278
juice_bottle,C:\Users\User\Desktop\DefectRAG\data\mvtec_loco_ad\juice_bottle\test\good\006.png,good,0,0.016209959983825684,10,4,0.07499330000428017
juice_bottle,C:\Users\User\Desktop\DefectRAG\data\mvtec_loco_ad\juice_bottle\test\good\007.png,good,0,0.022890985012054443,7,10,0.07275330000265967
juice_bottle,C:\Users\User\Desktop\DefectRAG\data\mvtec_loco_ad\juice_bottle\test\good\008.png,good,0,0.03111964464187622,8,9,0.07798220000404399
juice_bottle,C:\Users\User\Desktop\DefectRAG\data\mvtec_loco_ad\juice_bottle\test\good\009.png,good,0,0.023921847343444824,10,7,0.08932769999955781
juice_bottle,C:\Users\User\Desktop\DefectRAG\data\mvtec_loco_ad\juice_bottle\test\good\010.png,good,0,0.02043771743774414,7,6,0.06344239998725243
juice_bottle,C:\Users\User\Desktop\DefectRAG\data\mvtec_loco_ad\juice_bottle\test\good\011.png,good,0,0.01521366834640503,8,10,0.07436969999980647
juice_bottle,C:\Users\User\Desktop\DefectRAG\data\mvtec_loco_ad\juice_bottle\test\good\012.png,good,0,0.019951581954956055,7,6,0.08039750000170898
juice_bottle,C:\Users\User\Desktop\DefectRAG\data\mvtec_loco_ad\juice_bottle\test\good\013.png,good,0,0.0373803973197937,12,5,0.08194499999808613
juice_bottle,C:\Users\User\Desktop\DefectRAG\data\mvtec_loco_ad\juice_bottle\test\good\014.png,good,0,0.02533090114593506,11,4,0.08097029999771621
juice_bottle,C:\Users\User\Desktop\DefectRAG\data\mvtec_loco_ad\juice_bottle\test\good\015.png,good,0,0.02437889575958252,11,10,0.08357940000132658
juice_bottle,C:\Users\User\Desktop\DefectRAG\data\mvtec_loco_ad\juice_bottle\test\good\016.png,good,0,0.019008517265319824,11,8,0.09208279999438673
juice_bottle,C:\Users\User\Desktop\DefectRAG\data\mvtec_loco_ad\juice_bottle\test\good\017.png,good,0,0.02029210329055786,9,10,0.07790259999455884
juice_bottle,C:\Users\User\Desktop\DefectRAG\data\mvtec_loco_ad\juice_bottle\test\good\018.png,good,0,0.018375873565673828,7,7,0.07215480000013486
juice_bottle,C:\Users\User\Desktop\DefectRAG\data\mvtec_loco_ad\juice_bottle\test\good\019.png,good,0,0.020439624786376953,7,8,0.07175740000093356
juice_bottle,C:\Users\User\Desktop\DefectRAG\data\mvtec_loco_ad\juice_bottle\test\good\020.png,good,0,0.021343588829040527,8,10,0.08030640000652056
juice_bottle,C:\Users\User\Desktop\DefectRAG\data\mvtec_loco_ad\juice_bottle\test\good\021.png,good,0,0.026027917861938477,6,6,0.058290700006182306
juice_bottle,C:\Users\User\Desktop\DefectRAG\data\mvtec_loco_ad\juice_bottle\test\good\022.png,good,0,0.01895076036453247,6,6,0.06862949999049306
juice_bottle,C:\Users\User\Desktop\DefectRAG\data\mvtec_loco_ad\juice_bottle\test\good\023.png,good,0,0.02116715908050537,7,7,0.0690723000006983
juice_bottle,C:\Users\User\Desktop\DefectRAG\data\mvtec_loco_ad\juice_bottle\test\good\024.png,good,0,0.01711207628250122,7,10,0.06808559999626596
juice_bottle,C:\Users\User\Desktop\DefectRAG\data\mvtec_loco_ad\juice_bottle\test\good\025.png,good,0,0.014622330665588379,1,7,0.08243120000406634
juice_bottle,C:\Users\User\Desktop\DefectRAG\data\mvtec_loco_ad\juice_bottle\test\good\026.png,good,0,0.019939064979553223,9,4,0.07085299999744166
juice_bottle,C:\Users\User\Desktop\DefectRAG\data\mvtec_loco_ad\juice_bottle\test\good\027.png,good,0,0.0154188871383667,6,8,0.07135899999411777
juice_bottle,C:\Users\User\Desktop\DefectRAG\data\mvtec_loco_ad\juice_bottle\test\good\028.png,good,0,0.016257047653198242,6,9,0.07262849999824539
juice_bottle,C:\Users\User\Desktop\DefectRAG\data\mvtec_loco_ad\juice_bottle\test\good\029.png,good,0,0.01659482717514038,10,9,0.07586019999871496
juice_bottle,C:\Users\User\Desktop\DefectRAG\data\mvtec_loco_ad\juice_bottle\test\good\030.png,good,0,0.01815110445022583,7,7,0.06527350000396837
juice_bottle,C:\Users\User\Desktop\DefectRAG\data\mvtec_loco_ad\juice_bottle\test\good\031.png,good,0,0.025874078273773193,7,5,0.08809289999771863
juice_bottle,C:\Users\User\Desktop\DefectRAG\data\mvtec_loco_ad\juice_bottle\test\good\032.png,good,0,0.02240663766860962,6,7,0.07439809999777935
juice_bottle,C:\Users\User\Desktop\DefectRAG\data\mvtec_loco_ad\juice_bottle\test\good\033.png,good,0,0.020612657070159912,9,9,0.06970790000923444
juice_bottle,C:\Users\User\Desktop\DefectRAG\data\mvtec_loco_ad\juice_bottle\test\good\034.png,good,0,0.023567140102386475,12,9,0.08675560000119731
juice_bottle,C:\Users\User\Desktop\DefectRAG\data\mvtec_loco_ad\juice_bottle\test\good\035.png,good,0,0.024058282375335693,9,10,0.08333359999232925
juice_bottle,C:\Users\User\Desktop\DefectRAG\data\mvtec_loco_ad\juice_bottle\test\good\036.png,good,0,0.023706138134002686,3,6,0.11691589999827556
juice_bottle,C:\Users\User\Desktop\DefectRAG\data\mvtec_loco_ad\juice_bottle\test\good\037.png,good,0,0.029234707355499268,10,7,0.09640090000175405
juice_bottle,C:\Users\User\Desktop\DefectRAG\data\mvtec_loco_ad\juice_bottle\test\good\038.png,good,0,0.03459721803665161,10,7,0.07313959999009967
juice_bottle,C:\Users\User\Desktop\DefectRAG\data\mvtec_loco_ad\juice_bottle\test\good\039.png,good,0,0.019940435886383057,10,10,0.07881489999999758
juice_bottle,C:\Users\User\Desktop\DefectRAG\data\mvtec_loco_ad\juice_bottle\test\good\040.png,good,0,0.02504408359527588,8,10,0.07671059999847785
juice_bottle,C:\Users\User\Desktop\DefectRAG\data\mvtec_loco_ad\juice_bottle\test\good\041.png,good,0,0.019725143909454346,3,7,0.07281840000359807
juice_bottle,C:\Users\User\Desktop\DefectRAG\data\mvtec_loco_ad\juice_bottle\test\good\042.png,good,0,0.03364211320877075,10,8,0.08002600001054816
juice_bottle,C:\Users\User\Desktop\DefectRAG\data\mvtec_loco_ad\juice_bottle\test\good\043.png,good,0,0.02216285467147827,10,9,0.061274599996977486
juice_bottle,C:\Users\User\Desktop\DefectRAG\data\mvtec_loco_ad\juice_bottle\test\good\044.png,good,0,0.025136888027191162,7,5,0.07748579999315552
juice_bottle,C:\Users\User\Desktop\DefectRAG\data\mvtec_loco_ad\juice_bottle\test\good\045.png,good,0,0.017477750778198242,10,9,0.09972490000654943
juice_bottle,C:\Users\User\Desktop\DefectRAG\data\mvtec_loco_ad\juice_bottle\test\good\046.png,good,0,0.018153846263885498,6,4,0.11027740000281483
juice_bottle,C:\Users\User\Desktop\DefectRAG\data\mvtec_loco_ad\juice_bottle\test\good\047.png,good,0,0.018950164318084717,9,9,0.10272059999988414
juice_bottle,C:\Users\User\Desktop\DefectRAG\data\mvtec_loco_ad\juice_bottle\test\good\048.png,good,0,0.024563491344451904,11,8,0.10378969999146648
juice_bottle,C:\Users\User\Desktop\DefectRAG\data\mvtec_loco_ad\juice_bottle\test\good\049.png,good,0,0.020547986030578613,7,8,0.09825819999969099
juice_bottle,C:\Users\User\Desktop\DefectRAG\data\mvtec_loco_ad\juice_bottle\test\good\050.png,good,0,0.02026456594467163,8,7,0.09903670000494458
juice_bottle,C:\Users\User\Desktop\DefectRAG\data\mvtec_loco_ad\juice_bottle\test\good\051.png,good,0,0.024003803730010986,6,7,0.10054719999607187
juice_bottle,C:\Users\User\Desktop\DefectRAG\data\mvtec_loco_ad\juice_bottle\test\good\052.png,good,0,0.018069684505462646,10,10,0.09819710000010673
juice_bottle,C:\Users\User\Desktop\DefectRAG\data\mvtec_loco_ad\juice_bottle\test\good\053.png,good,0,0.016669750213623047,8,10,0.11709009998594411
juice_bottle,C:\Users\User\Desktop\DefectRAG\data\mvtec_loco_ad\juice_bottle\test\good\054.png,good,0,0.01881694793701172,7,10,0.11293859999568667
juice_bottle,C:\Users\User\Desktop\DefectRAG\data\mvtec_loco_ad\juice_bottle\test\good\055.png,good,0,0.02848672866821289,10,10,0.10766370000783354
juice_bottle,C:\Users\User\Desktop\DefectRAG\data\mvtec_loco_ad\juice_bottle\test\good\056.png,good,0,0.07238292694091797,5,13,0.11120579999987967
juice_bottle,C:\Users\User\Desktop\DefectRAG\data\mvtec_loco_ad\juice_bottle\test\good\057.png,good,0,0.022854149341583252,12,5,0.11195560000487603
juice_bottle,C:\Users\User\Desktop\DefectRAG\data\mvtec_loco_ad\juice_bottle\test\good\058.png,good,0,0.022895634174346924,11,10,0.10786010000447277
juice_bottle,C:\Users\User\Desktop\DefectRAG\data\mvtec_loco_ad\juice_bottle\test\good\059.png,good,0,0.019017577171325684,11,4,0.1122068999975454
juice_bottle,C:\Users\User\Desktop\DefectRAG\data\mvtec_loco_ad\juice_bottle\test\good\060.png,good,0,0.016636431217193604,9,9,0.11068389999854844
juice_bottle,C:\Users\User\Desktop\DefectRAG\data\mvtec_loco_ad\juice_bottle\test\good\061.png,good,0,0.024635136127471924,7,10,0.11282290000235662
juice_bottle,C:\Users\User\Desktop\DefectRAG\data\mvtec_loco_ad\juice_bottle\test\good\062.png,good,0,0.025420844554901123,10,10,0.11039689999597613
juice_bottle,C:\Users\User\Desktop\DefectRAG\data\mvtec_loco_ad\juice_bottle\test\good\063.png,good,0,0.024773120880126953,9,6,0.1075016999966465
juice_bottle,C:\Users\User\Desktop\DefectRAG\data\mvtec_loco_ad\juice_bottle\test\good\064.png,good,0,0.017055392265319824,9,10,0.10323350000544451
juice_bottle,C:\Users\User\Desktop\DefectRAG\data\mvtec_loco_ad\juice_bottle\test\good\065.png,good,0,0.03396564722061157,12,7,0.10967069999605883
juice_bottle,C:\Users\User\Desktop\DefectRAG\data\mvtec_loco_ad\juice_bottle\test\good\066.png,good,0,0.023211658000946045,9,9,0.10353700000268873
juice_bottle,C:\Users\User\Desktop\DefectRAG\data\mvtec_loco_ad\juice_bottle\test\good\067.png,good,0,0.027921676635742188,8,10,0.10422130000370089
juice_bottle,C:\Users\User\Desktop\DefectRAG\data\mvtec_loco_ad\juice_bottle\test\good\068.png,good,0,0.018533945083618164,3,6,0.10105810000095516
juice_bottle,C:\Users\User\Desktop\DefectRAG\data\mvtec_loco_ad\juice_bottle\test\good\069.png,good,0,0.0174829363822937,10,9,0.10376430000178516
juice_bottle,C:\Users\User\Desktop\DefectRAG\data\mvtec_loco_ad\juice_bottle\test\good\070.png,good,0,0.024633407592773438,11,8,0.10188520001247525
juice_bottle,C:\Users\User\Desktop\DefectRAG\data\mvtec_loco_ad\juice_bottle\test\good\071.png,good,0,0.026542246341705322,8,10,0.11284270000760444
juice_bottle,C:\Users\User\Desktop\DefectRAG\data\mvtec_loco_ad\juice_bottle\test\good\072.png,good,0,0.02152383327484131,13,6,0.10462270000425633
juice_bottle,C:\Users\User\Desktop\DefectRAG\data\mvtec_loco_ad\juice_bottle\test\good\073.png,good,0,0.024003207683563232,11,9,0.1066706000128761
juice_bottle,C:\Users\User\Desktop\DefectRAG\data\mvtec_loco_ad\juice_bottle\test\good\074.png,good,0,0.027899324893951416,8,5,0.10733720001007896
juice_bottle,C:\Users\User\Desktop\DefectRAG\data\mvtec_loco_ad\juice_bottle\test\good\075.png,good,0,0.03128087520599365,8,9,0.10950429999502376
juice_bottle,C:\Users\User\Desktop\DefectRAG\data\mvtec_loco_ad\juice_bottle\test\good\076.png,good,0,0.021346867084503174,3,6,0.06896910000068601
juice_bottle,C:\Users\User\Desktop\DefectRAG\data\mvtec_loco_ad\juice_bottle\test\good\077.png,good,0,0.02490943670272827,11,6,0.07987410000350792
juice_bottle,C:\Users\User\Desktop\DefectRAG\data\mvtec_loco_ad\juice_bottle\test\good\078.png,good,0,0.02568143606185913,7,3,0.07868540000345092
juice_bottle,C:\Users\User\Desktop\DefectRAG\data\mvtec_loco_ad\juice_bottle\test\good\079.png,good,0,0.023050665855407715,6,7,0.07471200000145473
juice_bottle,C:\Users\User\Desktop\DefectRAG\data\mvtec_loco_ad\juice_bottle\test\good\080.png,good,0,0.014058291912078857,9,9,0.07059010000375565
juice_bottle,C:\Users\User\Desktop\DefectRAG\data\mvtec_loco_ad\juice_bottle\test\good\081.png,good,0,0.02434384822845459,6,6,0.0684012999990955
juice_bottle,C:\Users\User\Desktop\DefectRAG\data\mvtec_loco_ad\juice_bottle\test\good\082.png,good,0,0.024469971656799316,12,5,0.07958119999966584
juice_bottle,C:\Users\User\Desktop\DefectRAG\data\mvtec_loco_ad\juice_bottle\test\good\083.png,good,0,0.017314434051513672,10,4,0.07788899999286514
juice_bottle,C:\Users\User\Desktop\DefectRAG\data\mvtec_loco_ad\juice_bottle\test\good\084.png,good,0,0.025993764400482178,10,3,0.08065490001172293
juice_bottle,C:\Users\User\Desktop\DefectRAG\data\mvtec_loco_ad\juice_bottle\test\good\085.png,good,0,0.02723604440689087,12,5,0.07938490000378806
juice_bottle,C:\Users\User\Desktop\DefectRAG\data\mvtec_loco_ad\juice_bottle\test\good\086.png,good,0,0.02916407585144043,8,9,0.09247069999400992
juice_bottle,C:\Users\User\Desktop\DefectRAG\data\mvtec_loco_ad\juice_bottle\test\good\087.png,good,0,0.01731085777282715,7,10,0.073337600013474
juice_bottle,C:\Users\User\Desktop\DefectRAG\data\mvtec_loco_ad\juice_bottle\test\good\088.png,good,0,0.020239174365997314,6,6,0.07524930000363383
juice_bottle,C:\Users\User\Desktop\DefectRAG\data\mvtec_loco_ad\juice_bottle\test\good\089.png,good,0,0.01731860637664795,13,7,0.08068400000047404
juice_bottle,C:\Users\User\Desktop\DefectRAG\data\mvtec_loco_ad\juice_bottle\test\good\090.png,good,0,0.024156272411346436,7,8,0.0766691000026185
juice_bottle,C:\Users\User\Desktop\DefectRAG\data\mvtec_loco_ad\juice_bottle\test\good\091.png,good,0,0.019312500953674316,8,3,0.07207470000139438
juice_bottle,C:\Users\User\Desktop\DefectRAG\data\mvtec_loco_ad\juice_bottle\test\good\092.png,good,0,0.019532084465026855,3,7,0.06463209999492392
juice_bottle,C:\Users\User\Desktop\DefectRAG\data\mvtec_loco_ad\juice_bottle\test\good\093.png,good,0,0.021026313304901123,8,7,0.07071120000910014
juice_bottle,C:\Users\User\Desktop\DefectRAG\data\mvtec_loco_ad\juice_bottle\test\logical_anomalies\000.png,logical_anomalies,1,0.15143442153930664,6,7,0.06873670000641141
juice_bottle,C:\Users\User\Desktop\DefectRAG\data\mvtec_loco_ad\juice_bottle\test\logical_anomalies\001.png,logical_anomalies,1,0.15191525220870972,7,6,0.09869800000160467
juice_bottle,C:\Users\User\Desktop\DefectRAG\data\mvtec_loco_ad\juice_bottle\test\logical_anomalies\002.png,logical_anomalies,1,0.16020804643630981,7,7,0.06374579999828711
juice_bottle,C:\Users\User\Desktop\DefectRAG\data\mvtec_loco_ad\juice_bottle\test\logical_anomalies\003.png,logical_anomalies,1,0.1516629457473755,7,7,0.0637057999992976
juice_bottle,C:\Users\User\Desktop\DefectRAG\data\mvtec_loco_ad\juice_bottle\test\logical_anomalies\004.png,logical_anomalies,1,0.15551215410232544,7,6,0.07417189999250695
juice_bottle,C:\Users\User\Desktop\DefectRAG\data\mvtec_loco_ad\juice_bottle\test\logical_anomalies\005.png,logical_anomalies,1,0.1662050485610962,7,8,0.061291799996979535
juice_bottle,C:\Users\User\Desktop\DefectRAG\data\mvtec_loco_ad\juice_bottle\test\logical_anomalies\006.png,logical_anomalies,1,0.14799439907073975,7,7,0.05812990000413265
juice_bottle,C:\Users\User\Desktop\DefectRAG\data\mvtec_loco_ad\juice_bottle\test\logical_anomalies\007.png,logical_anomalies,1,0.16420215368270874,7,7,0.056123899994418025
juice_bottle,C:\Users\User\Desktop\DefectRAG\data\mvtec_loco_ad\juice_bottle\test\logical_anomalies\008.png,logical_anomalies,1,0.16698753833770752,7,6,0.054093899991130456
juice_bottle,C:\Users\User\Desktop\DefectRAG\data\mvtec_loco_ad\juice_bottle\test\logical_anomalies\009.png,logical_anomalies,1,0.14011037349700928,7,7,0.07025599999178667
juice_bottle,C:\Users\User\Desktop\DefectRAG\data\mvtec_loco_ad\juice_bottle\test\logical_anomalies\010.png,logical_anomalies,1,0.15336072444915771,7,7,0.07766510000510607
juice_bottle,C:\Users\User\Desktop\DefectRAG\data\mvtec_loco_ad\juice_bottle\test\logical_anomalies\011.png,logical_anomalies,1,0.15550726652145386,7,8,0.07601669999712612
juice_bottle,C:\Users\User\Desktop\DefectRAG\data\mvtec_loco_ad\juice_bottle\test\logical_anomalies\012.png,logical_anomalies,1,0.056315064430236816,11,8,0.06522889999905601
juice_bottle,C:\Users\User\Desktop\DefectRAG\data\mvtec_loco_ad\juice_bottle\test\logical_anomalies\013.png,logical_anomalies,1,0.05300617218017578,11,6,0.07981529999233317
juice_bottle,C:\Users\User\Desktop\DefectRAG\data\mvtec_loco_ad\juice_bottle\test\logical_anomalies\014.png,logical_anomalies,1,0.06450808048248291,11,7,0.06466580000414979
juice_bottle,C:\Users\User\Desktop\DefectRAG\data\mvtec_loco_ad\juice_bottle\test\logical_anomalies\015.png,logical_anomalies,1,0.046153247356414795,9,6,0.060870200002682395
juice_bottle,C:\Users\User\Desktop\DefectRAG\data\mvtec_loco_ad\juice_bottle\test\logical_anomalies\016.png,logical_anomalies,1,0.046062350273132324,11,5,0.07573389999743085
juice_bottle,C:\Users\User\Desktop\DefectRAG\data\mvtec_loco_ad\juice_bottle\test\logical_anomalies\017.png,logical_anomalies,1,0.041177570819854736,11,7,0.0716441999975359
juice_bottle,C:\Users\User\Desktop\DefectRAG\data\mvtec_loco_ad\juice_bottle\test\logical_anomalies\018.png,logical_anomalies,1,0.0514335036277771,11,6,0.059153099995455705
juice_bottle,C:\Users\User\Desktop\DefectRAG\data\mvtec_loco_ad\juice_bottle\test\logical_anomalies\019.png,logical_anomalies,1,0.059613168239593506,11,8,0.0748979999916628
juice_bottle,C:\Users\User\Desktop\DefectRAG\data\mvtec_loco_ad\juice_bottle\test\logical_anomalies\020.png,logical_anomalies,1,0.07760459184646606,11,8,0.06987330000265501
juice_bottle,C:\Users\User\Desktop\DefectRAG\data\mvtec_loco_ad\juice_bottle\test\logical_anomalies\021.png,logical_anomalies,1,0.04286646842956543,11,8,0.06565960000443738
juice_bottle,C:\Users\User\Desktop\DefectRAG\data\mvtec_loco_ad\juice_bottle\test\logical_anomalies\022.png,logical_anomalies,1,0.047379910945892334,11,7,0.07424209998862352
juice_bottle,C:\Users\User\Desktop\DefectRAG\data\mvtec_loco_ad\juice_bottle\test\logical_anomalies\023.png,logical_anomalies,1,0.05077475309371948,11,7,0.0649589999957243
juice_bottle,C:\Users\User\Desktop\DefectRAG\data\mvtec_loco_ad\juice_bottle\test\logical_anomalies\024.png,logical_anomalies,1,0.1349780559539795,9,7,0.059738199997809716
juice_bottle,C:\Users\User\Desktop\DefectRAG\data\mvtec_loco_ad\juice_bottle\test\logical_anomalies\025.png,logical_anomalies,1,0.15700775384902954,9,6,0.07539629998791497
juice_bottle,C:\Users\User\Desktop\DefectRAG\data\mvtec_loco_ad\juice_bottle\test\logical_anomalies\026.png,logical_anomalies,1,0.13738930225372314,9,8,0.06638230000680778
juice_bottle,C:\Users\User\Desktop\DefectRAG\data\mvtec_loco_ad\juice_bottle\test\logical_anomalies\027.png,logical_anomalies,1,0.1319814920425415,9,6,0.0618255000008503
juice_bottle,C:\Users\User\Desktop\DefectRAG\data\mvtec_loco_ad\juice_bottle\test\logical_anomalies\028.png,logical_anomalies,1,0.12459105253219604,9,6,0.07417900000291411
juice_bottle,C:\Users\User\Desktop\DefectRAG\data\mvtec_loco_ad\juice_bottle\test\logical_anomalies\029.png,logical_anomalies,1,0.13179796934127808,9,8,0.06418099999427795
juice_bottle,C:\Users\User\Desktop\DefectRAG\data\mvtec_loco_ad\juice_bottle\test\logical_anomalies\030.png,logical_anomalies,1,0.12924939393997192,9,6,0.06515090000175405
juice_bottle,C:\Users\User\Desktop\DefectRAG\data\mvtec_loco_ad\juice_bottle\test\logical_anomalies\031.png,logical_anomalies,1,0.15284854173660278,9,7,0.0745469000103185
juice_bottle,C:\Users\User\Desktop\DefectRAG\data\mvtec_loco_ad\juice_bottle\test\logical_anomalies\032.png,logical_anomalies,1,0.13207632303237915,9,8,0.07074130000546575
juice_bottle,C:\Users\User\Desktop\DefectRAG\data\mvtec_loco_ad\juice_bottle\test\logical_anomalies\033.png,logical_anomalies,1,0.1360468864440918,10,8,0.0682546000025468
juice_bottle,C:\Users\User\Desktop\DefectRAG\data\mvtec_loco_ad\juice_bottle\test\logical_anomalies\034.png,logical_anomalies,1,0.13079363107681274,10,5,0.05481419998977799
juice_bottle,C:\Users\User\Desktop\DefectRAG\data\mvtec_loco_ad\juice_bottle\test\logical_anomalies\035.png,logical_anomalies,1,0.12753182649612427,6,5,0.07964369999535847
juice_bottle,C:\Users\User\Desktop\DefectRAG\data\mvtec_loco_ad\juice_bottle\test\logical_anomalies\036.png,logical_anomalies,1,0.053282856941223145,8,7,0.07325630000559613
juice_bottle,C:\Users\User\Desktop\DefectRAG\data\mvtec_loco_ad\juice_bottle\test\logical_anomalies\037.png,logical_anomalies,1,0.0255621075630188,7,7,0.0760969999973895
juice_bottle,C:\Users\User\Desktop\DefectRAG\data\mvtec_loco_ad\juice_bottle\test\logical_anomalies\038.png,logical_anomalies,1,0.03806781768798828,7,8,0.07136219998938031
juice_bottle,C:\Users\User\Desktop\DefectRAG\data\mvtec_loco_ad\juice_bottle\test\logical_anomalies\039.png,logical_anomalies,1,0.039134979248046875,8,8,0.07851360000495333
juice_bottle,C:\Users\User\Desktop\DefectRAG\data\mvtec_loco_ad\juice_bottle\test\logical_anomalies\040.png,logical_anomalies,1,0.04559355974197388,8,6,0.07629930000985041
juice_bottle,C:\Users\User\Desktop\DefectRAG\data\mvtec_loco_ad\juice_bottle\test\logical_anomalies\041.png,logical_anomalies,1,0.04055130481719971,7,6,0.08351670000411104
juice_bottle,C:\Users\User\Desktop\DefectRAG\data\mvtec_loco_ad\juice_bottle\test\logical_anomalies\042.png,logical_anomalies,1,0.04559731483459473,6,7,0.07471590000204742
juice_bottle,C:\Users\User\Desktop\DefectRAG\data\mvtec_loco_ad\juice_bottle\test\logical_anomalies\043.png,logical_anomalies,1,0.041063129901885986,8,10,0.08977510000113398
juice_bottle,C:\Users\User\Desktop\DefectRAG\data\mvtec_loco_ad\juice_bottle\test\logical_anomalies\044.png,logical_anomalies,1,0.0479617714881897,8,7,0.08072060000267811
juice_bottle,C:\Users\User\Desktop\DefectRAG\data\mvtec_loco_ad\juice_bottle\test\logical_anomalies\045.png,logical_anomalies,1,0.03327906131744385,8,7,0.0752657000120962
juice_bottle,C:\Users\User\Desktop\DefectRAG\data\mvtec_loco_ad\juice_bottle\test\logical_anomalies\046.png,logical_anomalies,1,0.09845006465911865,7,8,0.06199090000882279
juice_bottle,C:\Users\User\Desktop\DefectRAG\data\mvtec_loco_ad\juice_bottle\test\logical_anomalies\047.png,logical_anomalies,1,0.10478717088699341,7,8,0.07897199998842552
juice_bottle,C:\Users\User\Desktop\DefectRAG\data\mvtec_loco_ad\juice_bottle\test\logical_anomalies\048.png,logical_anomalies,1,0.09149116277694702,7,6,0.07446960000379477
juice_bottle,C:\Users\User\Desktop\DefectRAG\data\mvtec_loco_ad\juice_bottle\test\logical_anomalies\049.png,logical_anomalies,1,0.08061397075653076,7,7,0.0725562000006903
juice_bottle,C:\Users\User\Desktop\DefectRAG\data\mvtec_loco_ad\juice_bottle\test\logical_anomalies\050.png,logical_anomalies,1,0.0877113938331604,7,6,0.07975229999283329
juice_bottle,C:\Users\User\Desktop\DefectRAG\data\mvtec_loco_ad\juice_bottle\test\logical_anomalies\051.png,logical_anomalies,1,0.08023232221603394,7,6,0.09310170001117513
juice_bottle,C:\Users\User\Desktop\DefectRAG\data\mvtec_loco_ad\juice_bottle\test\logical_anomalies\052.png,logical_anomalies,1,0.057026028633117676,9,6,0.0813404999935301
juice_bottle,C:\Users\User\Desktop\DefectRAG\data\mvtec_loco_ad\juice_bottle\test\logical_anomalies\053.png,logical_anomalies,1,0.032209813594818115,7,4,0.07452449999982491
juice_bottle,C:\Users\User\Desktop\DefectRAG\data\mvtec_loco_ad\juice_bottle\test\logical_anomalies\054.png,logical_anomalies,1,0.054195940494537354,13,9,0.08037769999646116
juice_bottle,C:\Users\User\Desktop\DefectRAG\data\mvtec_loco_ad\juice_bottle\test\logical_anomalies\055.png,logical_anomalies,1,0.1359449028968811,9,11,0.07824930000060704
juice_bottle,C:\Users\User\Desktop\DefectRAG\data\mvtec_loco_ad\juice_bottle\test\logical_anomalies\056.png,logical_anomalies,1,0.052364468574523926,5,6,0.05699689999164548
juice_bottle,C:\Users\User\Desktop\DefectRAG\data\mvtec_loco_ad\juice_bottle\test\logical_anomalies\057.png,logical_anomalies,1,0.1014183759689331,7,4,0.056556000010459684
juice_bottle,C:\Users\User\Desktop\DefectRAG\data\mvtec_loco_ad\juice_bottle\test\logical_anomalies\058.png,logical_anomalies,1,0.05153191089630127,13,9,0.05792710000241641
juice_bottle,C:\Users\User\Desktop\DefectRAG\data\mvtec_loco_ad\juice_bottle\test\logical_anomalies\059.png,logical_anomalies,1,0.0656161904335022,10,9,0.0733705999882659
juice_bottle,C:\Users\User\Desktop\DefectRAG\data\mvtec_loco_ad\juice_bottle\test\logical_anomalies\060.png,logical_anomalies,1,0.09874892234802246,9,7,0.10102100000949576
juice_bottle,C:\Users\User\Desktop\DefectRAG\data\mvtec_loco_ad\juice_bottle\test\logical_anomalies\061.png,logical_anomalies,1,0.08764463663101196,7,7,0.08130359998904169
juice_bottle,C:\Users\User\Desktop\DefectRAG\data\mvtec_loco_ad\juice_bottle\test\logical_anomalies\062.png,logical_anomalies,1,0.10514938831329346,7,6,0.07100469998840708
juice_bottle,C:\Users\User\Desktop\DefectRAG\data\mvtec_loco_ad\juice_bottle\test\logical_anomalies\063.png,logical_anomalies,1,0.08886873722076416,9,5,0.07118850000551902
juice_bottle,C:\Users\User\Desktop\DefectRAG\data\mvtec_loco_ad\juice_bottle\test\logical_anomalies\064.png,logical_anomalies,1,0.09211093187332153,7,4,0.07067410000308882
juice_bottle,C:\Users\User\Desktop\DefectRAG\data\mvtec_loco_ad\juice_bottle\test\logical_anomalies\065.png,logical_anomalies,1,0.09912019968032837,9,8,0.08864980000362266
juice_bottle,C:\Users\User\Desktop\DefectRAG\data\mvtec_loco_ad\juice_bottle\test\logical_anomalies\066.png,logical_anomalies,1,0.09480732679367065,9,7,0.07855520000157412
juice_bottle,C:\Users\User\Desktop\DefectRAG\data\mvtec_loco_ad\juice_bottle\test\logical_anomalies\067.png,logical_anomalies,1,0.09195417165756226,9,5,0.07528149998688605
juice_bottle,C:\Users\User\Desktop\DefectRAG\data\mvtec_loco_ad\juice_bottle\test\logical_anomalies\068.png,logical_anomalies,1,0.09377098083496094,7,5,0.07751229999121279
juice_bottle,C:\Users\User\Desktop\DefectRAG\data\mvtec_loco_ad\juice_bottle\test\logical_anomalies\069.png,logical_anomalies,1,0.09596312046051025,9,7,0.06472819999908097
juice_bottle,C:\Users\User\Desktop\DefectRAG\data\mvtec_loco_ad\juice_bottle\test\logical_anomalies\070.png,logical_anomalies,1,0.09392762184143066,7,7,0.09189579999656416
juice_bottle,C:\Users\User\Desktop\DefectRAG\data\mvtec_loco_ad\juice_bottle\test\logical_anomalies\071.png,logical_anomalies,1,0.09106862545013428,9,5,0.0742164999974193
juice_bottle,C:\Users\User\Desktop\DefectRAG\data\mvtec_loco_ad\juice_bottle\test\logical_anomalies\072.png,logical_anomalies,1,0.1312769651412964,6,7,0.06228769999870565
juice_bottle,C:\Users\User\Desktop\DefectRAG\data\mvtec_loco_ad\juice_bottle\test\logical_anomalies\073.png,logical_anomalies,1,0.14191794395446777,7,6,0.07233299998915754
juice_bottle,C:\Users\User\Desktop\DefectRAG\data\mvtec_loco_ad\juice_bottle\test\logical_anomalies\074.png,logical_anomalies,1,0.10439544916152954,7,5,0.06394530000397936
juice_bottle,C:\Users\User\Desktop\DefectRAG\data\mvtec_loco_ad\juice_bottle\test\logical_anomalies\075.png,logical_anomalies,1,0.1289229393005371,7,8,0.08959889999823645
juice_bottle,C:\Users\User\Desktop\DefectRAG\data\mvtec_loco_ad\juice_bottle\test\logical_anomalies\076.png,logical_anomalies,1,0.11568254232406616,7,7,0.07594919999246486
juice_bottle,C:\Users\User\Desktop\DefectRAG\data\mvtec_loco_ad\juice_bottle\test\logical_anomalies\077.png,logical_anomalies,1,0.12876391410827637,7,7,0.07523839999339543
juice_bottle,C:\Users\User\Desktop\DefectRAG\data\mvtec_loco_ad\juice_bottle\test\logical_anomalies\078.png,logical_anomalies,1,0.13336646556854248,7,7,0.08396480001101736
juice_bottle,C:\Users\User\Desktop\DefectRAG\data\mvtec_loco_ad\juice_bottle\test\logical_anomalies\079.png,logical_anomalies,1,0.13356029987335205,6,6,0.07648600000538863
juice_bottle,C:\Users\User\Desktop\DefectRAG\data\mvtec_loco_ad\juice_bottle\test\logical_anomalies\080.png,logical_anomalies,1,0.12089765071868896,7,6,0.05890450000879355
juice_bottle,C:\Users\User\Desktop\DefectRAG\data\mvtec_loco_ad\juice_bottle\test\logical_anomalies\081.png,logical_anomalies,1,0.13337504863739014,7,6,0.0664690999983577
juice_bottle,C:\Users\User\Desktop\DefectRAG\data\mvtec_loco_ad\juice_bottle\test\logical_anomalies\082.png,logical_anomalies,1,0.12968379259109497,7,5,0.056892100008553825
juice_bottle,C:\Users\User\Desktop\DefectRAG\data\mvtec_loco_ad\juice_bottle\test\logical_anomalies\083.png,logical_anomalies,1,0.13571476936340332,7,7,0.07468010000593495
juice_bottle,C:\Users\User\Desktop\DefectRAG\data\mvtec_loco_ad\juice_bottle\test\logical_anomalies\084.png,logical_anomalies,1,0.07244873046875,3,6,0.08076810000056867
juice_bottle,C:\Users\User\Desktop\DefectRAG\data\mvtec_loco_ad\juice_bottle\test\logical_anomalies\085.png,logical_anomalies,1,0.02593177556991577,3,5,0.0770831999980146
juice_bottle,C:\Users\User\Desktop\DefectRAG\data\mvtec_loco_ad\juice_bottle\test\logical_anomalies\086.png,logical_anomalies,1,0.06751680374145508,3,6,0.07666999999491964
juice_bottle,C:\Users\User\Desktop\DefectRAG\data\mvtec_loco_ad\juice_bottle\test\logical_anomalies\087.png,logical_anomalies,1,0.04793357849121094,8,7,0.07492410000122618
juice_bottle,C:\Users\User\Desktop\DefectRAG\data\mvtec_loco_ad\juice_bottle\test\logical_anomalies\088.png,logical_anomalies,1,0.06609326601028442,3,6,0.07260329999553505
juice_bottle,C:\Users\User\Desktop\DefectRAG\data\mvtec_loco_ad\juice_bottle\test\logical_anomalies\089.png,logical_anomalies,1,0.07489937543869019,6,8,0.07211749999260064
juice_bottle,C:\Users\User\Desktop\DefectRAG\data\mvtec_loco_ad\juice_bottle\test\logical_anomalies\090.png,logical_anomalies,1,0.07617604732513428,9,7,0.08083340000302996
juice_bottle,C:\Users\User\Desktop\DefectRAG\data\mvtec_loco_ad\juice_bottle\test\logical_anomalies\091.png,logical_anomalies,1,0.04138761758804321,2,7,0.07968149999214802
juice_bottle,C:\Users\User\Desktop\DefectRAG\data\mvtec_loco_ad\juice_bottle\test\logical_anomalies\092.png,logical_anomalies,1,0.040140390396118164,4,6,0.08252409999840893
juice_bottle,C:\Users\User\Desktop\DefectRAG\data\mvtec_loco_ad\juice_bottle\test\logical_anomalies\093.png,logical_anomalies,1,0.05236613750457764,3,8,0.07036700000753626
juice_bottle,C:\Users\User\Desktop\DefectRAG\data\mvtec_loco_ad\juice_bottle\test\logical_anomalies\094.png,logical_anomalies,1,0.07722079753875732,6,7,0.06767279999621678
juice_bottle,C:\Users\User\Desktop\DefectRAG\data\mvtec_loco_ad\juice_bottle\test\logical_anomalies\095.png,logical_anomalies,1,0.05499345064163208,7,7,0.07882100000279024
juice_bottle,C:\Users\User\Desktop\DefectRAG\data\mvtec_loco_ad\juice_bottle\test\logical_anomalies\096.png,logical_anomalies,1,0.06213510036468506,6,6,0.0787661000067601
juice_bottle,C:\Users\User\Desktop\DefectRAG\data\mvtec_loco_ad\juice_bottle\test\logical_anomalies\097.png,logical_anomalies,1,0.0698004961013794,6,6,0.0702127999975346
juice_bottle,C:\Users\User\Desktop\DefectRAG\data\mvtec_loco_ad\juice_bottle\test\logical_anomalies\098.png,logical_anomalies,1,0.05638366937637329,2,7,0.07451020000735298
juice_bottle,C:\Users\User\Desktop\DefectRAG\data\mvtec_loco_ad\juice_bottle\test\logical_anomalies\099.png,logical_anomalies,1,0.03575551509857178,3,6,0.07139959999767598
juice_bottle,C:\Users\User\Desktop\DefectRAG\data\mvtec_loco_ad\juice_bottle\test\logical_anomalies\100.png,logical_anomalies,1,0.04507380723953247,3,8,0.09043309999105986
juice_bottle,C:\Users\User\Desktop\DefectRAG\data\mvtec_loco_ad\juice_bottle\test\logical_anomalies\101.png,logical_anomalies,1,0.027262985706329346,3,7,0.09570160000293981
juice_bottle,C:\Users\User\Desktop\DefectRAG\data\mvtec_loco_ad\juice_bottle\test\logical_anomalies\102.png,logical_anomalies,1,0.048883795738220215,2,7,0.07770609999715816
juice_bottle,C:\Users\User\Desktop\DefectRAG\data\mvtec_loco_ad\juice_bottle\test\logical_anomalies\103.png,logical_anomalies,1,0.025904476642608643,2,6,0.07808259999728762
juice_bottle,C:\Users\User\Desktop\DefectRAG\data\mvtec_loco_ad\juice_bottle\test\logical_anomalies\104.png,logical_anomalies,1,0.03603076934814453,8,9,0.061555399995995685
juice_bottle,C:\Users\User\Desktop\DefectRAG\data\mvtec_loco_ad\juice_bottle\test\logical_anomalies\105.png,logical_anomalies,1,0.08817118406295776,6,5,0.05516679999709595
juice_bottle,C:\Users\User\Desktop\DefectRAG\data\mvtec_loco_ad\juice_bottle\test\logical_anomalies\106.png,logical_anomalies,1,0.07333415746688843,7,4,0.05257529999653343
juice_bottle,C:\Users\User\Desktop\DefectRAG\data\mvtec_loco_ad\juice_bottle\test\logical_anomalies\107.png,logical_anomalies,1,0.05018460750579834,2,7,0.07695419999072328
juice_bottle,C:\Users\User\Desktop\DefectRAG\data\mvtec_loco_ad\juice_bottle\test\logical_anomalies\108.png,logical_anomalies,1,0.07351189851760864,3,7,0.06432199999107979
juice_bottle,C:\Users\User\Desktop\DefectRAG\data\mvtec_loco_ad\juice_bottle\test\logical_anomalies\109.png,logical_anomalies,1,0.05216264724731445,2,7,0.07483240000146907
juice_bottle,C:\Users\User\Desktop\DefectRAG\data\mvtec_loco_ad\juice_bottle\test\logical_anomalies\110.png,logical_anomalies,1,0.06296038627624512,6,7,0.0875854000041727
juice_bottle,C:\Users\User\Desktop\DefectRAG\data\mvtec_loco_ad\juice_bottle\test\logical_anomalies\111.png,logical_anomalies,1,0.046878814697265625,3,6,0.07157290000759531
juice_bottle,C:\Users\User\Desktop\DefectRAG\data\mvtec_loco_ad\juice_bottle\test\logical_anomalies\112.png,logical_anomalies,1,0.028124570846557617,2,6,0.07352740000351332
juice_bottle,C:\Users\User\Desktop\DefectRAG\data\mvtec_loco_ad\juice_bottle\test\logical_anomalies\113.png,logical_anomalies,1,0.06545120477676392,8,4,0.07675330000347458
juice_bottle,C:\Users\User\Desktop\DefectRAG\data\mvtec_loco_ad\juice_bottle\test\logical_anomalies\114.png,logical_anomalies,1,0.06161701679229736,4,6,0.13447039999300614
juice_bottle,C:\Users\User\Desktop\DefectRAG\data\mvtec_loco_ad\juice_bottle\test\logical_anomalies\115.png,logical_anomalies,1,0.036983489990234375,3,6,0.09032529999967664
juice_bottle,C:\Users\User\Desktop\DefectRAG\data\mvtec_loco_ad\juice_bottle\test\logical_anomalies\116.png,logical_anomalies,1,0.03166162967681885,3,7,0.07283439999446273
juice_bottle,C:\Users\User\Desktop\DefectRAG\data\mvtec_loco_ad\juice_bottle\test\logical_anomalies\117.png,logical_anomalies,1,0.03685885667800903,3,7,0.07924360000470188
juice_bottle,C:\Users\User\Desktop\DefectRAG\data\mvtec_loco_ad\juice_bottle\test\logical_anomalies\118.png,logical_anomalies,1,0.08225959539413452,1,6,0.07611029999679886
juice_bottle,C:\Users\User\Desktop\DefectRAG\data\mvtec_loco_ad\juice_bottle\test\logical_anomalies\119.png,logical_anomalies,1,0.02601701021194458,3,7,0.07088309999380726
juice_bottle,C:\Users\User\Desktop\DefectRAG\data\mvtec_loco_ad\juice_bottle\test\logical_anomalies\120.png,logical_anomalies,1,0.0366860032081604,6,9,0.06588590001047123
juice_bottle,C:\Users\User\Desktop\DefectRAG\data\mvtec_loco_ad\juice_bottle\test\logical_anomalies\121.png,logical_anomalies,1,0.04132896661758423,6,6,0.0797208000003593
juice_bottle,C:\Users\User\Desktop\DefectRAG\data\mvtec_loco_ad\juice_bottle\test\logical_anomalies\122.png,logical_anomalies,1,0.03803139925003052,6,7,0.07033640000736341
juice_bottle,C:\Users\User\Desktop\DefectRAG\data\mvtec_loco_ad\juice_bottle\test\logical_anomalies\123.png,logical_anomalies,1,0.04024314880371094,7,8,0.07271140000375453
juice_bottle,C:\Users\User\Desktop\DefectRAG\data\mvtec_loco_ad\juice_bottle\test\logical_anomalies\124.png,logical_anomalies,1,0.024934828281402588,10,7,0.06857550000131596
juice_bottle,C:\Users\User\Desktop\DefectRAG\data\mvtec_loco_ad\juice_bottle\test\logical_anomalies\125.png,logical_anomalies,1,0.033393144607543945,7,4,0.08502790000056848
juice_bottle,C:\Users\User\Desktop\DefectRAG\data\mvtec_loco_ad\juice_bottle\test\logical_anomalies\126.png,logical_anomalies,1,0.023386061191558838,7,5,0.07924829999683425
juice_bottle,C:\Users\User\Desktop\DefectRAG\data\mvtec_loco_ad\juice_bottle\test\logical_anomalies\127.png,logical_anomalies,1,0.02674943208694458,9,9,0.07455589999153744
juice_bottle,C:\Users\User\Desktop\DefectRAG\data\mvtec_loco_ad\juice_bottle\test\logical_anomalies\128.png,logical_anomalies,1,0.029942572116851807,8,7,0.05998949999047909
juice_bottle,C:\Users\User\Desktop\DefectRAG\data\mvtec_loco_ad\juice_bottle\test\logical_anomalies\129.png,logical_anomalies,1,0.030821144580841064,6,7,0.07616409999900497
juice_bottle,C:\Users\User\Desktop\DefectRAG\data\mvtec_loco_ad\juice_bottle\test\logical_anomalies\130.png,logical_anomalies,1,0.025660157203674316,6,7,0.058915400004480034
juice_bottle,C:\Users\User\Desktop\DefectRAG\data\mvtec_loco_ad\juice_bottle\test\logical_anomalies\131.png,logical_anomalies,1,0.02401101589202881,7,7,0.05335469999408815
juice_bottle,C:\Users\User\Desktop\DefectRAG\data\mvtec_loco_ad\juice_bottle\test\logical_anomalies\132.png,logical_anomalies,1,0.021143555641174316,6,8,0.05634660000214353
juice_bottle,C:\Users\User\Desktop\DefectRAG\data\mvtec_loco_ad\juice_bottle\test\logical_anomalies\133.png,logical_anomalies,1,0.028909385204315186,6,8,0.061318499996559694
juice_bottle,C:\Users\User\Desktop\DefectRAG\data\mvtec_loco_ad\juice_bottle\test\logical_anomalies\134.png,logical_anomalies,1,0.02010929584503174,7,9,0.07207529999141116
juice_bottle,C:\Users\User\Desktop\DefectRAG\data\mvtec_loco_ad\juice_bottle\test\logical_anomalies\135.png,logical_anomalies,1,0.021852493286132812,6,8,0.06685750000178814
juice_bottle,C:\Users\User\Desktop\DefectRAG\data\mvtec_loco_ad\juice_bottle\test\logical_anomalies\136.png,logical_anomalies,1,0.03181427717208862,7,7,0.07364639999286737
juice_bottle,C:\Users\User\Desktop\DefectRAG\data\mvtec_loco_ad\juice_bottle\test\logical_anomalies\137.png,logical_anomalies,1,0.028132140636444092,8,3,0.07513680000556633
juice_bottle,C:\Users\User\Desktop\DefectRAG\data\mvtec_loco_ad\juice_bottle\test\logical_anomalies\138.png,logical_anomalies,1,0.03558146953582764,7,6,0.06757070000458043
juice_bottle,C:\Users\User\Desktop\DefectRAG\data\mvtec_loco_ad\juice_bottle\test\logical_anomalies\139.png,logical_anomalies,1,0.032803893089294434,7,5,0.07299529999727383
juice_bottle,C:\Users\User\Desktop\DefectRAG\data\mvtec_loco_ad\juice_bottle\test\logical_anomalies\140.png,logical_anomalies,1,0.031051039695739746,7,4,0.07145129999844357
juice_bottle,C:\Users\User\Desktop\DefectRAG\data\mvtec_loco_ad\juice_bottle\test\logical_anomalies\141.png,logical_anomalies,1,0.037689268589019775,7,6,0.06506029999582097
juice_bottle,C:\Users\User\Desktop\DefectRAG\data\mvtec_loco_ad\juice_bottle\test\structural_anomalies\000.png,structural_anomalies,1,0.07569319009780884,3,7,0.07442000000446569
juice_bottle,C:\Users\User\Desktop\DefectRAG\data\mvtec_loco_ad\juice_bottle\test\structural_anomalies\001.png,structural_anomalies,1,0.12328678369522095,1,6,0.07397789999959059
juice_bottle,C:\Users\User\Desktop\DefectRAG\data\mvtec_loco_ad\juice_bottle\test\structural_anomalies\002.png,structural_anomalies,1,0.08505678176879883,6,6,0.07119680001051165
juice_bottle,C:\Users\User\Desktop\DefectRAG\data\mvtec_loco_ad\juice_bottle\test\structural_anomalies\003.png,structural_anomalies,1,0.0803038477897644,2,6,0.07262880000052974
juice_bottle,C:\Users\User\Desktop\DefectRAG\data\mvtec_loco_ad\juice_bottle\test\structural_anomalies\004.png,structural_anomalies,1,0.10470354557037354,2,6,0.06464710000727791
juice_bottle,C:\Users\User\Desktop\DefectRAG\data\mvtec_loco_ad\juice_bottle\test\structural_anomalies\005.png,structural_anomalies,1,0.04712069034576416,2,5,0.07058729999698699
juice_bottle,C:\Users\User\Desktop\DefectRAG\data\mvtec_loco_ad\juice_bottle\test\structural_anomalies\006.png,structural_anomalies,1,0.0818977952003479,3,5,0.07671210000989959
juice_bottle,C:\Users\User\Desktop\DefectRAG\data\mvtec_loco_ad\juice_bottle\test\structural_anomalies\007.png,structural_anomalies,1,0.056373417377471924,3,7,0.06717910000588745
juice_bottle,C:\Users\User\Desktop\DefectRAG\data\mvtec_loco_ad\juice_bottle\test\structural_anomalies\008.png,structural_anomalies,1,0.12850606441497803,2,5,0.07101859999238513
juice_bottle,C:\Users\User\Desktop\DefectRAG\data\mvtec_loco_ad\juice_bottle\test\structural_anomalies\009.png,structural_anomalies,1,0.1347522735595703,9,8,0.0702719000109937
juice_bottle,C:\Users\User\Desktop\DefectRAG\data\mvtec_loco_ad\juice_bottle\test\structural_anomalies\010.png,structural_anomalies,1,0.10794097185134888,2,6,0.06475860001228284
juice_bottle,C:\Users\User\Desktop\DefectRAG\data\mvtec_loco_ad\juice_bottle\test\structural_anomalies\011.png,structural_anomalies,1,0.17779290676116943,2,5,0.07384240000101272
juice_bottle,C:\Users\User\Desktop\DefectRAG\data\mvtec_loco_ad\juice_bottle\test\structural_anomalies\012.png,structural_anomalies,1,0.1313796043395996,2,7,0.06933399999979883
juice_bottle,C:\Users\User\Desktop\DefectRAG\data\mvtec_loco_ad\juice_bottle\test\structural_anomalies\013.png,structural_anomalies,1,0.10223740339279175,3,8,0.06502150000596885
juice_bottle,C:\Users\User\Desktop\DefectRAG\data\mvtec_loco_ad\juice_bottle\test\structural_anomalies\014.png,structural_anomalies,1,0.05113983154296875,3,7,0.07035869998799171
juice_bottle,C:\Users\User\Desktop\DefectRAG\data\mvtec_loco_ad\juice_bottle\test\structural_anomalies\015.png,structural_anomalies,1,0.03577238321304321,3,6,0.07043989999510814
juice_bottle,C:\Users\User\Desktop\DefectRAG\data\mvtec_loco_ad\juice_bottle\test\structural_anomalies\016.png,structural_anomalies,1,0.10499870777130127,3,5,0.05651460000080988
juice_bottle,C:\Users\User\Desktop\DefectRAG\data\mvtec_loco_ad\juice_bottle\test\structural_anomalies\017.png,structural_anomalies,1,0.041555941104888916,2,8,0.049941799996304326
juice_bottle,C:\Users\User\Desktop\DefectRAG\data\mvtec_loco_ad\juice_bottle\test\structural_anomalies\018.png,structural_anomalies,1,0.04998636245727539,10,8,0.052601199990021996
juice_bottle,C:\Users\User\Desktop\DefectRAG\data\mvtec_loco_ad\juice_bottle\test\structural_anomalies\019.png,structural_anomalies,1,0.11750000715255737,3,6,0.08380969999416266
juice_bottle,C:\Users\User\Desktop\DefectRAG\data\mvtec_loco_ad\juice_bottle\test\structural_anomalies\020.png,structural_anomalies,1,0.07151079177856445,2,7,0.08210829999006819
juice_bottle,C:\Users\User\Desktop\DefectRAG\data\mvtec_loco_ad\juice_bottle\test\structural_anomalies\021.png,structural_anomalies,1,0.06654328107833862,2,6,0.06446460000006482
juice_bottle,C:\Users\User\Desktop\DefectRAG\data\mvtec_loco_ad\juice_bottle\test\structural_anomalies\022.png,structural_anomalies,1,0.05065751075744629,6,5,0.06415750000451226
juice_bottle,C:\Users\User\Desktop\DefectRAG\data\mvtec_loco_ad\juice_bottle\test\structural_anomalies\023.png,structural_anomalies,1,0.12003147602081299,2,6,0.07693799999833573
juice_bottle,C:\Users\User\Desktop\DefectRAG\data\mvtec_loco_ad\juice_bottle\test\structural_anomalies\024.png,structural_anomalies,1,0.055599331855773926,3,7,0.06554319999122526
juice_bottle,C:\Users\User\Desktop\DefectRAG\data\mvtec_loco_ad\juice_bottle\test\structural_anomalies\025.png,structural_anomalies,1,0.08361434936523438,3,7,0.05876530001114588
juice_bottle,C:\Users\User\Desktop\DefectRAG\data\mvtec_loco_ad\juice_bottle\test\structural_anomalies\026.png,structural_anomalies,1,0.04896801710128784,2,5,0.08093519999238197
juice_bottle,C:\Users\User\Desktop\DefectRAG\data\mvtec_loco_ad\juice_bottle\test\structural_anomalies\027.png,structural_anomalies,1,0.0502740740776062,7,6,0.07034130000101868
juice_bottle,C:\Users\User\Desktop\DefectRAG\data\mvtec_loco_ad\juice_bottle\test\structural_anomalies\028.png,structural_anomalies,1,0.04210495948791504,8,7,0.05954580000252463
juice_bottle,C:\Users\User\Desktop\DefectRAG\data\mvtec_loco_ad\juice_bottle\test\structural_anomalies\029.png,structural_anomalies,1,0.03550362586975098,7,5,0.07805930000904482
juice_bottle,C:\Users\User\Desktop\DefectRAG\data\mvtec_loco_ad\juice_bottle\test\structural_anomalies\030.png,structural_anomalies,1,0.04889035224914551,7,7,0.06966179999290034
juice_bottle,C:\Users\User\Desktop\DefectRAG\data\mvtec_loco_ad\juice_bottle\test\structural_anomalies\031.png,structural_anomalies,1,0.05350923538208008,7,7,0.0531706000037957
juice_bottle,C:\Users\User\Desktop\DefectRAG\data\mvtec_loco_ad\juice_bottle\test\structural_anomalies\032.png,structural_anomalies,1,0.03351187705993652,8,6,0.07880849999492057
juice_bottle,C:\Users\User\Desktop\DefectRAG\data\mvtec_loco_ad\juice_bottle\test\structural_anomalies\033.png,structural_anomalies,1,0.03759080171585083,8,7,0.06031580000126269
juice_bottle,C:\Users\User\Desktop\DefectRAG\data\mvtec_loco_ad\juice_bottle\test\structural_anomalies\034.png,structural_anomalies,1,0.03598642349243164,8,6,0.05459510000946466
juice_bottle,C:\Users\User\Desktop\DefectRAG\data\mvtec_loco_ad\juice_bottle\test\structural_anomalies\035.png,structural_anomalies,1,0.06760406494140625,7,6,0.07998439999937546
juice_bottle,C:\Users\User\Desktop\DefectRAG\data\mvtec_loco_ad\juice_bottle\test\structural_anomalies\036.png,structural_anomalies,1,0.047968387603759766,7,6,0.056858700001612306
juice_bottle,C:\Users\User\Desktop\DefectRAG\data\mvtec_loco_ad\juice_bottle\test\structural_anomalies\037.png,structural_anomalies,1,0.0534358024597168,7,6,0.053447300000698306
juice_bottle,C:\Users\User\Desktop\DefectRAG\data\mvtec_loco_ad\juice_bottle\test\structural_anomalies\038.png,structural_anomalies,1,0.07203572988510132,7,6,0.0748944999941159
juice_bottle,C:\Users\User\Desktop\DefectRAG\data\mvtec_loco_ad\juice_bottle\test\structural_anomalies\039.png,structural_anomalies,1,0.10637015104293823,7,6,0.06252469999890309
juice_bottle,C:\Users\User\Desktop\DefectRAG\data\mvtec_loco_ad\juice_bottle\test\structural_anomalies\040.png,structural_anomalies,1,0.08701300621032715,7,6,0.05275510001229122
juice_bottle,C:\Users\User\Desktop\DefectRAG\data\mvtec_loco_ad\juice_bottle\test\structural_anomalies\041.png,structural_anomalies,1,0.06102532148361206,7,7,0.07853880000766367
juice_bottle,C:\Users\User\Desktop\DefectRAG\data\mvtec_loco_ad\juice_bottle\test\structural_anomalies\042.png,structural_anomalies,1,0.08793085813522339,7,6,0.054818800010252744
juice_bottle,C:\Users\User\Desktop\DefectRAG\data\mvtec_loco_ad\juice_bottle\test\structural_anomalies\043.png,structural_anomalies,1,0.06823652982711792,7,7,0.053319899991038255
juice_bottle,C:\Users\User\Desktop\DefectRAG\data\mvtec_loco_ad\juice_bottle\test\structural_anomalies\044.png,structural_anomalies,1,0.029552876949310303,10,9,0.07890839999890886
juice_bottle,C:\Users\User\Desktop\DefectRAG\data\mvtec_loco_ad\juice_bottle\test\structural_anomalies\045.png,structural_anomalies,1,0.032128214836120605,4,7,0.057103099999949336
juice_bottle,C:\Users\User\Desktop\DefectRAG\data\mvtec_loco_ad\juice_bottle\test\structural_anomalies\046.png,structural_anomalies,1,0.026035428047180176,11,9,0.06456949999846984
juice_bottle,C:\Users\User\Desktop\DefectRAG\data\mvtec_loco_ad\juice_bottle\test\structural_anomalies\047.png,structural_anomalies,1,0.058616042137145996,10,7,0.07317990000592545
juice_bottle,C:\Users\User\Desktop\DefectRAG\data\mvtec_loco_ad\juice_bottle\test\structural_anomalies\048.png,structural_anomalies,1,0.03319084644317627,6,7,0.05999719999090303
juice_bottle,C:\Users\User\Desktop\DefectRAG\data\mvtec_loco_ad\juice_bottle\test\structural_anomalies\049.png,structural_anomalies,1,0.13111811876296997,9,8,0.07946769999398384
juice_bottle,C:\Users\User\Desktop\DefectRAG\data\mvtec_loco_ad\juice_bottle\test\structural_anomalies\050.png,structural_anomalies,1,0.038388192653656006,10,6,0.07148689999303315
juice_bottle,C:\Users\User\Desktop\DefectRAG\data\mvtec_loco_ad\juice_bottle\test\structural_anomalies\051.png,structural_anomalies,1,0.028766870498657227,3,6,0.05424260000290815
juice_bottle,C:\Users\User\Desktop\DefectRAG\data\mvtec_loco_ad\juice_bottle\test\structural_anomalies\052.png,structural_anomalies,1,0.029718518257141113,10,6,0.08308799999940675
juice_bottle,C:\Users\User\Desktop\DefectRAG\data\mvtec_loco_ad\juice_bottle\test\structural_anomalies\053.png,structural_anomalies,1,0.07391881942749023,5,13,0.06470200000330806
juice_bottle,C:\Users\User\Desktop\DefectRAG\data\mvtec_loco_ad\juice_bottle\test\structural_anomalies\054.png,structural_anomalies,1,0.03543740510940552,5,6,0.06184089998714626
juice_bottle,C:\Users\User\Desktop\DefectRAG\data\mvtec_loco_ad\juice_bottle\test\structural_anomalies\055.png,structural_anomalies,1,0.04729205369949341,10,6,0.07507670001359656
juice_bottle,C:\Users\User\Desktop\DefectRAG\data\mvtec_loco_ad\juice_bottle\test\structural_anomalies\056.png,structural_anomalies,1,0.025751054286956787,6,6,0.05610849999357015
juice_bottle,C:\Users\User\Desktop\DefectRAG\data\mvtec_loco_ad\juice_bottle\test\structural_anomalies\057.png,structural_anomalies,1,0.04047471284866333,5,13,0.07787150000513066
juice_bottle,C:\Users\User\Desktop\DefectRAG\data\mvtec_loco_ad\juice_bottle\test\structural_anomalies\058.png,structural_anomalies,1,0.03421419858932495,11,6,0.07142880000174046
juice_bottle,C:\Users\User\Desktop\DefectRAG\data\mvtec_loco_ad\juice_bottle\test\structural_anomalies\059.png,structural_anomalies,1,0.0265350341796875,10,10,0.05993730000045616
juice_bottle,C:\Users\User\Desktop\DefectRAG\data\mvtec_loco_ad\juice_bottle\test\structural_anomalies\060.png,structural_anomalies,1,0.02932298183441162,11,6,0.07665709999855608
juice_bottle,C:\Users\User\Desktop\DefectRAG\data\mvtec_loco_ad\juice_bottle\test\structural_anomalies\061.png,structural_anomalies,1,0.06289565563201904,11,5,0.07492899999488145
juice_bottle,C:\Users\User\Desktop\DefectRAG\data\mvtec_loco_ad\juice_bottle\test\structural_anomalies\062.png,structural_anomalies,1,0.030692696571350098,7,10,0.054812899994431064
juice_bottle,C:\Users\User\Desktop\DefectRAG\data\mvtec_loco_ad\juice_bottle\test\structural_anomalies\063.png,structural_anomalies,1,0.028930068016052246,11,5,0.07871099999465514
juice_bottle,C:\Users\User\Desktop\DefectRAG\data\mvtec_loco_ad\juice_bottle\test\structural_anomalies\064.png,structural_anomalies,1,0.13484179973602295,7,7,0.06779559999995399
juice_bottle,C:\Users\User\Desktop\DefectRAG\data\mvtec_loco_ad\juice_bottle\test\structural_anomalies\065.png,structural_anomalies,1,0.052780091762542725,8,8,0.08594599999196362
juice_bottle,C:\Users\User\Desktop\DefectRAG\data\mvtec_loco_ad\juice_bottle\test\structural_anomalies\066.png,structural_anomalies,1,0.07239532470703125,8,6,0.0756485000019893
juice_bottle,C:\Users\User\Desktop\DefectRAG\data\mvtec_loco_ad\juice_bottle\test\structural_anomalies\067.png,structural_anomalies,1,0.03008711338043213,11,8,0.07049530000949744
juice_bottle,C:\Users\User\Desktop\DefectRAG\data\mvtec_loco_ad\juice_bottle\test\structural_anomalies\068.png,structural_anomalies,1,0.058186352252960205,13,13,0.09280539999599569
juice_bottle,C:\Users\User\Desktop\DefectRAG\data\mvtec_loco_ad\juice_bottle\test\structural_anomalies\069.png,structural_anomalies,1,0.023216724395751953,11,7,0.05752440000651404
juice_bottle,C:\Users\User\Desktop\DefectRAG\data\mvtec_loco_ad\juice_bottle\test\structural_anomalies\070.png,structural_anomalies,1,0.021140217781066895,9,9,0.055259300002944656
juice_bottle,C:\Users\User\Desktop\DefectRAG\data\mvtec_loco_ad\juice_bottle\test\structural_anomalies\071.png,structural_anomalies,1,0.049177587032318115,6,8,0.07660310000937898
juice_bottle,C:\Users\User\Desktop\DefectRAG\data\mvtec_loco_ad\juice_bottle\test\structural_anomalies\072.png,structural_anomalies,1,0.024190902709960938,3,6,0.05542849999619648
juice_bottle,C:\Users\User\Desktop\DefectRAG\data\mvtec_loco_ad\juice_bottle\test\structural_anomalies\073.png,structural_anomalies,1,0.08023959398269653,6,7,0.06763959999079816
juice_bottle,C:\Users\User\Desktop\DefectRAG\data\mvtec_loco_ad\juice_bottle\test\structural_anomalies\074.png,structural_anomalies,1,0.03032606840133667,10,7,0.07102000000304542
juice_bottle,C:\Users\User\Desktop\DefectRAG\data\mvtec_loco_ad\juice_bottle\test\structural_anomalies\075.png,structural_anomalies,1,0.01828014850616455,11,5,0.06955400000151712
juice_bottle,C:\Users\User\Desktop\DefectRAG\data\mvtec_loco_ad\juice_bottle\test\structural_anomalies\076.png,structural_anomalies,1,0.029420018196105957,11,4,0.08372059999965131
juice_bottle,C:\Users\User\Desktop\DefectRAG\data\mvtec_loco_ad\juice_bottle\test\structural_anomalies\077.png,structural_anomalies,1,0.05654489994049072,8,4,0.06727240000327583
juice_bottle,C:\Users\User\Desktop\DefectRAG\data\mvtec_loco_ad\juice_bottle\test\structural_anomalies\078.png,structural_anomalies,1,0.10223722457885742,8,7,0.058598999996320345
juice_bottle,C:\Users\User\Desktop\DefectRAG\data\mvtec_loco_ad\juice_bottle\test\structural_anomalies\079.png,structural_anomalies,1,0.06801259517669678,6,8,0.08464410000306088
juice_bottle,C:\Users\User\Desktop\DefectRAG\data\mvtec_loco_ad\juice_bottle\test\structural_anomalies\080.png,structural_anomalies,1,0.03805655241012573,7,7,0.055240100002265535
juice_bottle,C:\Users\User\Desktop\DefectRAG\data\mvtec_loco_ad\juice_bottle\test\structural_anomalies\081.png,structural_anomalies,1,0.08545970916748047,6,7,0.05576149999978952
juice_bottle,C:\Users\User\Desktop\DefectRAG\data\mvtec_loco_ad\juice_bottle\test\structural_anomalies\082.png,structural_anomalies,1,0.06630027294158936,10,6,0.08083310000074562
juice_bottle,C:\Users\User\Desktop\DefectRAG\data\mvtec_loco_ad\juice_bottle\test\structural_anomalies\083.png,structural_anomalies,1,0.06810617446899414,10,7,0.06207740001264028
juice_bottle,C:\Users\User\Desktop\DefectRAG\data\mvtec_loco_ad\juice_bottle\test\structural_anomalies\084.png,structural_anomalies,1,0.02177208662033081,7,9,0.10166590000153519
juice_bottle,C:\Users\User\Desktop\DefectRAG\data\mvtec_loco_ad\juice_bottle\test\structural_anomalies\085.png,structural_anomalies,1,0.0831497311592102,7,6,0.05787669999699574
juice_bottle,C:\Users\User\Desktop\DefectRAG\data\mvtec_loco_ad\juice_bottle\test\structural_anomalies\086.png,structural_anomalies,1,0.09094482660293579,7,6,0.077179600004456
juice_bottle,C:\Users\User\Desktop\DefectRAG\data\mvtec_loco_ad\juice_bottle\test\structural_anomalies\087.png,structural_anomalies,1,0.057928264141082764,8,7,0.07036660000449046
juice_bottle,C:\Users\User\Desktop\DefectRAG\data\mvtec_loco_ad\juice_bottle\test\structural_anomalies\088.png,structural_anomalies,1,0.17961770296096802,7,4,0.06186469999374822
juice_bottle,C:\Users\User\Desktop\DefectRAG\data\mvtec_loco_ad\juice_bottle\test\structural_anomalies\089.png,structural_anomalies,1,0.16533786058425903,8,8,0.08683889999520034
juice_bottle,C:\Users\User\Desktop\DefectRAG\data\mvtec_loco_ad\juice_bottle\test\structural_anomalies\090.png,structural_anomalies,1,0.09087103605270386,7,7,0.0614283000031719
juice_bottle,C:\Users\User\Desktop\DefectRAG\data\mvtec_loco_ad\juice_bottle\test\structural_anomalies\091.png,structural_anomalies,1,0.09753799438476562,7,7,0.08564980000664946
juice_bottle,C:\Users\User\Desktop\DefectRAG\data\mvtec_loco_ad\juice_bottle\test\structural_anomalies\092.png,structural_anomalies,1,0.05372077226638794,7,6,0.07413560000713915
juice_bottle,C:\Users\User\Desktop\DefectRAG\data\mvtec_loco_ad\juice_bottle\test\structural_anomalies\093.png,structural_anomalies,1,0.05837571620941162,6,7,0.056464599998435006
pushpins,C:\Users\User\Desktop\DefectRAG\data\mvtec_loco_ad\pushpins\test\good\000.png,good,0,0.03368878364562988,7,0,0.10113999999884982
pushpins,C:\Users\User\Desktop\DefectRAG\data\mvtec_loco_ad\pushpins\test\good\001.png,good,0,0.03248262405395508,6,9,0.08592339999449905
pushpins,C:\Users\User\Desktop\DefectRAG\data\mvtec_loco_ad\pushpins\test\good\002.png,good,0,0.038519978523254395,11,8,0.09781379999185447
pushpins,C:\Users\User\Desktop\DefectRAG\data\mvtec_loco_ad\pushpins\test\good\003.png,good,0,0.0326690673828125,3,11,0.08678179999697022
pushpins,C:\Users\User\Desktop\DefectRAG\data\mvtec_loco_ad\pushpins\test\good\004.png,good,0,0.03212010860443115,5,6,0.10169589999713935
pushpins,C:\Users\User\Desktop\DefectRAG\data\mvtec_loco_ad\pushpins\test\good\005.png,good,0,0.033571600914001465,3,8,0.08614400000078604
pushpins,C:\Users\User\Desktop\DefectRAG\data\mvtec_loco_ad\pushpins\test\good\006.png,good,0,0.03683990240097046,3,8,0.09688240000104997
pushpins,C:\Users\User\Desktop\DefectRAG\data\mvtec_loco_ad\pushpins\test\good\007.png,good,0,0.031895995140075684,5,6,0.0880477000027895
pushpins,C:\Users\User\Desktop\DefectRAG\data\mvtec_loco_ad\pushpins\test\good\008.png,good,0,0.032343506813049316,1,9,0.09809889999451116
pushpins,C:\Users\User\Desktop\DefectRAG\data\mvtec_loco_ad\pushpins\test\good\009.png,good,0,0.030252695083618164,3,4,0.06916549999732524
pushpins,C:\Users\User\Desktop\DefectRAG\data\mvtec_loco_ad\pushpins\test\good\010.png,good,0,0.03417855501174927,1,12,0.1006924999965122
pushpins,C:\Users\User\Desktop\DefectRAG\data\mvtec_loco_ad\pushpins\test\good\011.png,good,0,0.031222283840179443,6,11,0.07216239999979734
pushpins,C:\Users\User\Desktop\DefectRAG\data\mvtec_loco_ad\pushpins\test\good\012.png,good,0,0.03787672519683838,3,8,0.09198729999479838
pushpins,C:\Users\User\Desktop\DefectRAG\data\mvtec_loco_ad\pushpins\test\good\013.png,good,0,0.029693901538848877,11,5,0.07738020000397228
pushpins,C:\Users\User\Desktop\DefectRAG\data\mvtec_loco_ad\pushpins\test\good\014.png,good,0,0.03479146957397461,5,8,0.09905930000240915
pushpins,C:\Users\User\Desktop\DefectRAG\data\mvtec_loco_ad\pushpins\test\good\015.png,good,0,0.03482609987258911,7,5,0.09309990001202095
pushpins,C:\Users\User\Desktop\DefectRAG\data\mvtec_loco_ad\pushpins\test\good\016.png,good,0,0.03341794013977051,1,7,0.12050540000200272
pushpins,C:\Users\User\Desktop\DefectRAG\data\mvtec_loco_ad\pushpins\test\good\017.png,good,0,0.03457123041152954,6,0,0.07537559999036603
pushpins,C:\Users\User\Desktop\DefectRAG\data\mvtec_loco_ad\pushpins\test\good\018.png,good,0,0.033511996269226074,7,0,0.10374520000186749
pushpins,C:\Users\User\Desktop\DefectRAG\data\mvtec_loco_ad\pushpins\test\good\019.png,good,0,0.032126545906066895,6,10,0.07676870000432245
pushpins,C:\Users\User\Desktop\DefectRAG\data\mvtec_loco_ad\pushpins\test\good\020.png,good,0,0.03219187259674072,3,10,0.10153140001057182
pushpins,C:\Users\User\Desktop\DefectRAG\data\mvtec_loco_ad\pushpins\test\good\021.png,good,0,0.026442885398864746,11,12,0.10087730000668671
pushpins,C:\Users\User\Desktop\DefectRAG\data\mvtec_loco_ad\pushpins\test\good\022.png,good,0,0.027949094772338867,7,4,0.0842071999941254
pushpins,C:\Users\User\Desktop\DefectRAG\data\mvtec_loco_ad\pushpins\test\good\023.png,good,0,0.02699100971221924,2,6,0.07133839999733027
pushpins,C:\Users\User\Desktop\DefectRAG\data\mvtec_loco_ad\pushpins\test\good\024.png,good,0,0.035828232765197754,3,10,0.10202710000157822
pushpins,C:\Users\User\Desktop\DefectRAG\data\mvtec_loco_ad\pushpins\test\good\025.png,good,0,0.03177928924560547,10,0,0.06659110001055524
pushpins,C:\Users\User\Desktop\DefectRAG\data\mvtec_loco_ad\pushpins\test\good\026.png,good,0,0.027244985103607178,7,8,0.09864479998941533
pushpins,C:\Users\User\Desktop\DefectRAG\data\mvtec_loco_ad\pushpins\test\good\027.png,good,0,0.03600043058395386,10,3,0.07256380000035278
pushpins,C:\Users\User\Desktop\DefectRAG\data\mvtec_loco_ad\pushpins\test\good\028.png,good,0,0.03210633993148804,2,6,0.09637389999988955
pushpins,C:\Users\User\Desktop\DefectRAG\data\mvtec_loco_ad\pushpins\test\good\029.png,good,0,0.02759087085723877,4,6,0.08030520001193509
pushpins,C:\Users\User\Desktop\DefectRAG\data\mvtec_loco_ad\pushpins\test\good\030.png,good,0,0.03371244668960571,11,12,0.10162690001016017
pushpins,C:\Users\User\Desktop\DefectRAG\data\mvtec_loco_ad\pushpins\test\good\031.png,good,0,0.03303515911102295,7,3,0.11756219998642337
pushpins,C:\Users\User\Desktop\DefectRAG\data\mvtec_loco_ad\pushpins\test\good\032.png,good,0,0.033465027809143066,11,0,0.08797320000303444
pushpins,C:\Users\User\Desktop\DefectRAG\data\mvtec_loco_ad\pushpins\test\good\033.png,good,0,0.03520399332046509,1,3,0.11320999999588821
pushpins,C:\Users\User\Desktop\DefectRAG\data\mvtec_loco_ad\pushpins\test\good\034.png,good,0,0.03754013776779175,7,8,0.07272789999842644
pushpins,C:\Users\User\Desktop\DefectRAG\data\mvtec_loco_ad\pushpins\test\good\035.png,good,0,0.03724086284637451,1,4,0.10338509999564849
pushpins,C:\Users\User\Desktop\DefectRAG\data\mvtec_loco_ad\pushpins\test\good\036.png,good,0,0.030037879943847656,1,6,0.08069670000986662
pushpins,C:\Users\User\Desktop\DefectRAG\data\mvtec_loco_ad\pushpins\test\good\037.png,good,0,0.03031337261199951,3,11,0.09932809999736492
pushpins,C:\Users\User\Desktop\DefectRAG\data\mvtec_loco_ad\pushpins\test\good\038.png,good,0,0.03119206428527832,3,5,0.06942179999896325
pushpins,C:\Users\User\Desktop\DefectRAG\data\mvtec_loco_ad\pushpins\test\good\039.png,good,0,0.03218358755111694,6,12,0.1081753999897046
pushpins,C:\Users\User\Desktop\DefectRAG\data\mvtec_loco_ad\pushpins\test\good\040.png,good,0,0.032355546951293945,3,6,0.0738917999988189
pushpins,C:\Users\User\Desktop\DefectRAG\data\mvtec_loco_ad\pushpins\test\good\041.png,good,0,0.04042750597000122,6,6,0.1258590999932494
pushpins,C:\Users\User\Desktop\DefectRAG\data\mvtec_loco_ad\pushpins\test\good\042.png,good,0,0.029592573642730713,8,12,0.07762300000467803
pushpins,C:\Users\User\Desktop\DefectRAG\data\mvtec_loco_ad\pushpins\test\good\043.png,good,0,0.029750704765319824,3,4,0.111522099992726
pushpins,C:\Users\User\Desktop\DefectRAG\data\mvtec_loco_ad\pushpins\test\good\044.png,good,0,0.030798494815826416,3,8,0.08195210000849329
pushpins,C:\Users\User\Desktop\DefectRAG\data\mvtec_loco_ad\pushpins\test\good\045.png,good,0,0.0299261212348938,7,2,0.090060699993046
pushpins,C:\Users\User\Desktop\DefectRAG\data\mvtec_loco_ad\pushpins\test\good\046.png,good,0,0.028662562370300293,2,0,0.07149919999937993
pushpins,C:\Users\User\Desktop\DefectRAG\data\mvtec_loco_ad\pushpins\test\good\047.png,good,0,0.03486180305480957,3,6,0.10190429999784101
pushpins,C:\Users\User\Desktop\DefectRAG\data\mvtec_loco_ad\pushpins\test\good\048.png,good,0,0.024404704570770264,4,9,0.06996169999183621
pushpins,C:\Users\User\Desktop\DefectRAG\data\mvtec_loco_ad\pushpins\test\good\049.png,good,0,0.029363632202148438,3,4,0.10177670000120997
pushpins,C:\Users\User\Desktop\DefectRAG\data\mvtec_loco_ad\pushpins\test\good\050.png,good,0,0.0392458438873291,3,8,0.07375470000260975
pushpins,C:\Users\User\Desktop\DefectRAG\data\mvtec_loco_ad\pushpins\test\good\051.png,good,0,0.03623199462890625,5,9,0.08919400000013411
pushpins,C:\Users\User\Desktop\DefectRAG\data\mvtec_loco_ad\pushpins\test\good\052.png,good,0,0.05157500505447388,5,6,0.09187210000527557
pushpins,C:\Users\User\Desktop\DefectRAG\data\mvtec_loco_ad\pushpins\test\good\053.png,good,0,0.03806036710739136,5,6,0.10188620000553783
pushpins,C:\Users\User\Desktop\DefectRAG\data\mvtec_loco_ad\pushpins\test\good\054.png,good,0,0.03147709369659424,5,6,0.08040369999071117
pushpins,C:\Users\User\Desktop\DefectRAG\data\mvtec_loco_ad\pushpins\test\good\055.png,good,0,0.0327070951461792,1,4,0.10275609999371227
pushpins,C:\Users\User\Desktop\DefectRAG\data\mvtec_loco_ad\pushpins\test\good\056.png,good,0,0.029292404651641846,4,10,0.07341379999706987
pushpins,C:\Users\User\Desktop\DefectRAG\data\mvtec_loco_ad\pushpins\test\good\057.png,good,0,0.03338146209716797,2,7,0.0753952999948524
pushpins,C:\Users\User\Desktop\DefectRAG\data\mvtec_loco_ad\pushpins\test\good\058.png,good,0,0.02926403284072876,3,4,0.0855026000062935
pushpins,C:\Users\User\Desktop\DefectRAG\data\mvtec_loco_ad\pushpins\test\good\059.png,good,0,0.031492769718170166,6,3,0.08649840000725817
pushpins,C:\Users\User\Desktop\DefectRAG\data\mvtec_loco_ad\pushpins\test\good\060.png,good,0,0.030998528003692627,3,10,0.08187910000560805
pushpins,C:\Users\User\Desktop\DefectRAG\data\mvtec_loco_ad\pushpins\test\good\061.png,good,0,0.035732388496398926,2,3,0.08023690000118222
pushpins,C:\Users\User\Desktop\DefectRAG\data\mvtec_loco_ad\pushpins\test\good\062.png,good,0,0.04288828372955322,1,4,0.1017242000089027
pushpins,C:\Users\User\Desktop\DefectRAG\data\mvtec_loco_ad\pushpins\test\good\063.png,good,0,0.02794778347015381,12,5,0.10340120000182651
pushpins,C:\Users\User\Desktop\DefectRAG\data\mvtec_loco_ad\pushpins\test\good\064.png,good,0,0.02898728847503662,1,4,0.10773199998948257
pushpins,C:\Users\User\Desktop\DefectRAG\data\mvtec_loco_ad\pushpins\test\good\065.png,good,0,0.03704249858856201,1,4,0.09969719999935478
pushpins,C:\Users\User\Desktop\DefectRAG\data\mvtec_loco_ad\pushpins\test\good\066.png,good,0,0.03628396987915039,8,13,0.07911540000350215
pushpins,C:\Users\User\Desktop\DefectRAG\data\mvtec_loco_ad\pushpins\test\good\067.png,good,0,0.031133949756622314,1,3,0.08976899999834131
pushpins,C:\Users\User\Desktop\DefectRAG\data\mvtec_loco_ad\pushpins\test\good\068.png,good,0,0.027470886707305908,1,4,0.08251180000661407
pushpins,C:\Users\User\Desktop\DefectRAG\data\mvtec_loco_ad\pushpins\test\good\069.png,good,0,0.026802778244018555,3,11,0.08707559999311343
pushpins,C:\Users\User\Desktop\DefectRAG\data\mvtec_loco_ad\pushpins\test\good\070.png,good,0,0.034281790256500244,6,9,0.084992100004456
pushpins,C:\Users\User\Desktop\DefectRAG\data\mvtec_loco_ad\pushpins\test\good\071.png,good,0,0.027213752269744873,3,6,0.10001069999998435
pushpins,C:\Users\User\Desktop\DefectRAG\data\mvtec_loco_ad\pushpins\test\good\072.png,good,0,0.031262338161468506,3,13,0.09048900000925642
pushpins,C:\Users\User\Desktop\DefectRAG\data\mvtec_loco_ad\pushpins\test\good\073.png,good,0,0.027372658252716064,2,13,0.08883290000085253
pushpins,C:\Users\User\Desktop\DefectRAG\data\mvtec_loco_ad\pushpins\test\good\074.png,good,0,0.03641951084136963,11,2,0.07161829998949543
pushpins,C:\Users\User\Desktop\DefectRAG\data\mvtec_loco_ad\pushpins\test\good\075.png,good,0,0.04018932580947876,3,11,0.06662650000362191
pushpins,C:\Users\User\Desktop\DefectRAG\data\mvtec_loco_ad\pushpins\test\good\076.png,good,0,0.02969539165496826,4,6,0.0781911000085529
pushpins,C:\Users\User\Desktop\DefectRAG\data\mvtec_loco_ad\pushpins\test\good\077.png,good,0,0.039222657680511475,6,6,0.11237650000839494
pushpins,C:\Users\User\Desktop\DefectRAG\data\mvtec_loco_ad\pushpins\test\good\078.png,good,0,0.04775732755661011,3,5,0.10623730000224896
pushpins,C:\Users\User\Desktop\DefectRAG\data\mvtec_loco_ad\pushpins\test\good\079.png,good,0,0.034363627433776855,2,5,0.08853229999658652
pushpins,C:\Users\User\Desktop\DefectRAG\data\mvtec_loco_ad\pushpins\test\good\080.png,good,0,0.03169655799865723,4,6,0.09277779998956248
pushpins,C:\Users\User\Desktop\DefectRAG\data\mvtec_loco_ad\pushpins\test\good\081.png,good,0,0.0344386100769043,3,4,0.08863009999913629
pushpins,C:\Users\User\Desktop\DefectRAG\data\mvtec_loco_ad\pushpins\test\good\082.png,good,0,0.03212177753448486,9,2,0.09529130000737496
pushpins,C:\Users\User\Desktop\DefectRAG\data\mvtec_loco_ad\pushpins\test\good\083.png,good,0,0.027469336986541748,4,6,0.08436240001174156
pushpins,C:\Users\User\Desktop\DefectRAG\data\mvtec_loco_ad\pushpins\test\good\084.png,good,0,0.030390381813049316,4,6,0.09090439999999944
pushpins,C:\Users\User\Desktop\DefectRAG\data\mvtec_loco_ad\pushpins\test\good\085.png,good,0,0.043507158756256104,4,8,0.08691179999732412
pushpins,C:\Users\User\Desktop\DefectRAG\data\mvtec_loco_ad\pushpins\test\good\086.png,good,0,0.04247891902923584,7,2,0.0884041000099387
pushpins,C:\Users\User\Desktop\DefectRAG\data\mvtec_loco_ad\pushpins\test\good\087.png,good,0,0.03379547595977783,5,7,0.09629090000817087
pushpins,C:\Users\User\Desktop\DefectRAG\data\mvtec_loco_ad\pushpins\test\good\088.png,good,0,0.035404741764068604,6,9,0.09839319999446161
pushpins,C:\Users\User\Desktop\DefectRAG\data\mvtec_loco_ad\pushpins\test\good\089.png,good,0,0.04236263036727905,3,10,0.08596989999932703
pushpins,C:\Users\User\Desktop\DefectRAG\data\mvtec_loco_ad\pushpins\test\good\090.png,good,0,0.048511385917663574,1,4,0.100949200001196
pushpins,C:\Users\User\Desktop\DefectRAG\data\mvtec_loco_ad\pushpins\test\good\091.png,good,0,0.02655327320098877,6,13,0.09043340000789613
pushpins,C:\Users\User\Desktop\DefectRAG\data\mvtec_loco_ad\pushpins\test\good\092.png,good,0,0.036469459533691406,1,4,0.08947130000160541
pushpins,C:\Users\User\Desktop\DefectRAG\data\mvtec_loco_ad\pushpins\test\good\093.png,good,0,0.030262351036071777,9,10,0.0776326000050176
pushpins,C:\Users\User\Desktop\DefectRAG\data\mvtec_loco_ad\pushpins\test\good\094.png,good,0,0.02764284610748291,4,1,0.10621779999928549
pushpins,C:\Users\User\Desktop\DefectRAG\data\mvtec_loco_ad\pushpins\test\good\095.png,good,0,0.03568768501281738,5,8,0.11499990000447724
pushpins,C:\Users\User\Desktop\DefectRAG\data\mvtec_loco_ad\pushpins\test\good\096.png,good,0,0.037193357944488525,6,9,0.09107959999528248
pushpins,C:\Users\User\Desktop\DefectRAG\data\mvtec_loco_ad\pushpins\test\good\097.png,good,0,0.028208374977111816,3,3,0.10847970000759233
pushpins,C:\Users\User\Desktop\DefectRAG\data\mvtec_loco_ad\pushpins\test\good\098.png,good,0,0.026319563388824463,6,6,0.09123089999775402
pushpins,C:\Users\User\Desktop\DefectRAG\data\mvtec_loco_ad\pushpins\test\good\099.png,good,0,0.032518625259399414,1,9,0.0937502000015229
pushpins,C:\Users\User\Desktop\DefectRAG\data\mvtec_loco_ad\pushpins\test\good\100.png,good,0,0.03092867136001587,3,6,0.09454149998782668
pushpins,C:\Users\User\Desktop\DefectRAG\data\mvtec_loco_ad\pushpins\test\good\101.png,good,0,0.04096883535385132,2,5,0.08269250000012107
pushpins,C:\Users\User\Desktop\DefectRAG\data\mvtec_loco_ad\pushpins\test\good\102.png,good,0,0.02744239568710327,7,6,0.0930097999953432
pushpins,C:\Users\User\Desktop\DefectRAG\data\mvtec_loco_ad\pushpins\test\good\103.png,good,0,0.030056655406951904,7,0,0.08738479999010451
pushpins,C:\Users\User\Desktop\DefectRAG\data\mvtec_loco_ad\pushpins\test\good\104.png,good,0,0.034435153007507324,6,9,0.09873729999526404
pushpins,C:\Users\User\Desktop\DefectRAG\data\mvtec_loco_ad\pushpins\test\good\105.png,good,0,0.03349953889846802,3,11,0.07870729999558534
pushpins,C:\Users\User\Desktop\DefectRAG\data\mvtec_loco_ad\pushpins\test\good\106.png,good,0,0.032003939151763916,6,9,0.10315699999046046
pushpins,C:\Users\User\Desktop\DefectRAG\data\mvtec_loco_ad\pushpins\test\good\107.png,good,0,0.0329551100730896,6,9,0.1209956999955466
pushpins,C:\Users\User\Desktop\DefectRAG\data\mvtec_loco_ad\pushpins\test\good\108.png,good,0,0.0323755145072937,3,10,0.09937809999973979
pushpins,C:\Users\User\Desktop\DefectRAG\data\mvtec_loco_ad\pushpins\test\good\109.png,good,0,0.026327192783355713,6,1,0.1007030000037048
pushpins,C:\Users\User\Desktop\DefectRAG\data\mvtec_loco_ad\pushpins\test\good\110.png,good,0,0.026480793952941895,6,10,0.09937870000430848
pushpins,C:\Users\User\Desktop\DefectRAG\data\mvtec_loco_ad\pushpins\test\good\111.png,good,0,0.030267834663391113,6,9,0.07590929999423679
pushpins,C:\Users\User\Desktop\DefectRAG\data\mvtec_loco_ad\pushpins\test\good\112.png,good,0,0.034155189990997314,6,8,0.15960520000953693
pushpins,C:\Users\User\Desktop\DefectRAG\data\mvtec_loco_ad\pushpins\test\good\113.png,good,0,0.03354287147521973,3,8,0.11016430000017863
pushpins,C:\Users\User\Desktop\DefectRAG\data\mvtec_loco_ad\pushpins\test\good\114.png,good,0,0.03532755374908447,10,0,0.08653929999854881
pushpins,C:\Users\User\Desktop\DefectRAG\data\mvtec_loco_ad\pushpins\test\good\115.png,good,0,0.03193730115890503,4,13,0.10155500000109896
pushpins,C:\Users\User\Desktop\DefectRAG\data\mvtec_loco_ad\pushpins\test\good\116.png,good,0,0.030260980129241943,1,1,0.08757309999782592
pushpins,C:\Users\User\Desktop\DefectRAG\data\mvtec_loco_ad\pushpins\test\good\117.png,good,0,0.028204500675201416,1,4,0.09738900000229478
pushpins,C:\Users\User\Desktop\DefectRAG\data\mvtec_loco_ad\pushpins\test\good\118.png,good,0,0.035916030406951904,2,2,0.1173523000034038
pushpins,C:\Users\User\Desktop\DefectRAG\data\mvtec_loco_ad\pushpins\test\good\119.png,good,0,0.03135174512863159,3,3,0.09827380000206176
pushpins,C:\Users\User\Desktop\DefectRAG\data\mvtec_loco_ad\pushpins\test\good\120.png,good,0,0.032955169677734375,5,7,0.08474170000408776
pushpins,C:\Users\User\Desktop\DefectRAG\data\mvtec_loco_ad\pushpins\test\good\121.png,good,0,0.028511762619018555,3,8,0.10824319999665022
pushpins,C:\Users\User\Desktop\DefectRAG\data\mvtec_loco_ad\pushpins\test\good\122.png,good,0,0.0337948203086853,3,11,0.09046249999664724
pushpins,C:\Users\User\Desktop\DefectRAG\data\mvtec_loco_ad\pushpins\test\good\123.png,good,0,0.033029139041900635,11,0,0.09910999999556225
pushpins,C:\Users\User\Desktop\DefectRAG\data\mvtec_loco_ad\pushpins\test\good\124.png,good,0,0.03308063745498657,4,3,0.08416350001061801
pushpins,C:\Users\User\Desktop\DefectRAG\data\mvtec_loco_ad\pushpins\test\good\125.png,good,0,0.03184229135513306,11,10,0.11350159998983145
pushpins,C:\Users\User\Desktop\DefectRAG\data\mvtec_loco_ad\pushpins\test\good\126.png,good,0,0.03895413875579834,3,5,0.0801221000001533
pushpins,C:\Users\User\Desktop\DefectRAG\data\mvtec_loco_ad\pushpins\test\good\127.png,good,0,0.04762899875640869,5,6,0.10312859999248758
pushpins,C:\Users\User\Desktop\DefectRAG\data\mvtec_loco_ad\pushpins\test\good\128.png,good,0,0.028567135334014893,8,5,0.06950610000058077
pushpins,C:\Users\User\Desktop\DefectRAG\data\mvtec_loco_ad\pushpins\test\good\129.png,good,0,0.02652043104171753,6,9,0.07538719999138266
pushpins,C:\Users\User\Desktop\DefectRAG\data\mvtec_loco_ad\pushpins\test\good\130.png,good,0,0.04229170083999634,3,5,0.09959899999375921
pushpins,C:\Users\User\Desktop\DefectRAG\data\mvtec_loco_ad\pushpins\test\good\131.png,good,0,0.028099000453948975,2,0,0.09372389999043662
pushpins,C:\Users\User\Desktop\DefectRAG\data\mvtec_loco_ad\pushpins\test\good\132.png,good,0,0.028868257999420166,4,0,0.09251729999959935
pushpins,C:\Users\User\Desktop\DefectRAG\data\mvtec_loco_ad\pushpins\test\good\133.png,good,0,0.024624347686767578,3,7,0.09557429999404121
pushpins,C:\Users\User\Desktop\DefectRAG\data\mvtec_loco_ad\pushpins\test\good\134.png,good,0,0.02703726291656494,2,6,0.10509330000786576
pushpins,C:\Users\User\Desktop\DefectRAG\data\mvtec_loco_ad\pushpins\test\good\135.png,good,0,0.04062265157699585,6,13,0.09173010000085924
pushpins,C:\Users\User\Desktop\DefectRAG\data\mvtec_loco_ad\pushpins\test\good\136.png,good,0,0.03754985332489014,4,8,0.11802110000280663
pushpins,C:\Users\User\Desktop\DefectRAG\data\mvtec_loco_ad\pushpins\test\good\137.png,good,0,0.03064781427383423,5,9,0.08932640000421088
pushpins,C:\Users\User\Desktop\DefectRAG\data\mvtec_loco_ad\pushpins\test\logical_anomalies\000.png,logical_anomalies,1,0.029928088188171387,5,6,0.08888060000026599
pushpins,C:\Users\User\Desktop\DefectRAG\data\mvtec_loco_ad\pushpins\test\logical_anomalies\001.png,logical_anomalies,1,0.03379857540130615,7,0,0.10618260000774171
pushpins,C:\Users\User\Desktop\DefectRAG\data\mvtec_loco_ad\pushpins\test\logical_anomalies\002.png,logical_anomalies,1,0.03969109058380127,3,8,0.07845409998844843
pushpins,C:\Users\User\Desktop\DefectRAG\data\mvtec_loco_ad\pushpins\test\logical_anomalies\003.png,logical_anomalies,1,0.03333514928817749,7,5,0.09081619999778923
pushpins,C:\Users\User\Desktop\DefectRAG\data\mvtec_loco_ad\pushpins\test\logical_anomalies\004.png,logical_anomalies,1,0.03362554311752319,2,6,0.08969119998801034
pushpins,C:\Users\User\Desktop\DefectRAG\data\mvtec_loco_ad\pushpins\test\logical_anomalies\005.png,logical_anomalies,1,0.02329087257385254,3,7,0.09028659999603406
pushpins,C:\Users\User\Desktop\DefectRAG\data\mvtec_loco_ad\pushpins\test\logical_anomalies\006.png,logical_anomalies,1,0.027323603630065918,3,8,0.10165589999814983
pushpins,C:\Users\User\Desktop\DefectRAG\data\mvtec_loco_ad\pushpins\test\logical_anomalies\007.png,logical_anomalies,1,0.031089186668395996,6,9,0.09130960000038613
pushpins,C:\Users\User\Desktop\DefectRAG\data\mvtec_loco_ad\pushpins\test\logical_anomalies\008.png,logical_anomalies,1,0.027554690837860107,3,5,0.07100830000126734
pushpins,C:\Users\User\Desktop\DefectRAG\data\mvtec_loco_ad\pushpins\test\logical_anomalies\009.png,logical_anomalies,1,0.03203386068344116,7,5,0.06629780000366736
pushpins,C:\Users\User\Desktop\DefectRAG\data\mvtec_loco_ad\pushpins\test\logical_anomalies\010.png,logical_anomalies,1,0.028297841548919678,3,4,0.07173500000499189
pushpins,C:\Users\User\Desktop\DefectRAG\data\mvtec_loco_ad\pushpins\test\logical_anomalies\011.png,logical_anomalies,1,0.03092402219772339,3,9,0.08339510000951122
pushpins,C:\Users\User\Desktop\DefectRAG\data\mvtec_loco_ad\pushpins\test\logical_anomalies\012.png,logical_anomalies,1,0.036583662033081055,6,8,0.095510800005286
pushpins,C:\Users\User\Desktop\DefectRAG\data\mvtec_loco_ad\pushpins\test\logical_anomalies\013.png,logical_anomalies,1,0.026569485664367676,8,1,0.09193730000697542
pushpins,C:\Users\User\Desktop\DefectRAG\data\mvtec_loco_ad\pushpins\test\logical_anomalies\014.png,logical_anomalies,1,0.02554112672805786,11,10,0.09844359999988228
pushpins,C:\Users\User\Desktop\DefectRAG\data\mvtec_loco_ad\pushpins\test\logical_anomalies\015.png,logical_anomalies,1,0.02602982521057129,2,4,0.08732750000490341
pushpins,C:\Users\User\Desktop\DefectRAG\data\mvtec_loco_ad\pushpins\test\logical_anomalies\016.png,logical_anomalies,1,0.03420311212539673,11,5,0.10760970000410452
pushpins,C:\Users\User\Desktop\DefectRAG\data\mvtec_loco_ad\pushpins\test\logical_anomalies\017.png,logical_anomalies,1,0.033577024936676025,5,6,0.08985319999919739
pushpins,C:\Users\User\Desktop\DefectRAG\data\mvtec_loco_ad\pushpins\test\logical_anomalies\018.png,logical_anomalies,1,0.044411420822143555,3,7,0.097294499995769
pushpins,C:\Users\User\Desktop\DefectRAG\data\mvtec_loco_ad\pushpins\test\logical_anomalies\019.png,logical_anomalies,1,0.04768264293670654,1,1,0.09467160000349395
pushpins,C:\Users\User\Desktop\DefectRAG\data\mvtec_loco_ad\pushpins\test\logical_anomalies\020.png,logical_anomalies,1,0.05428802967071533,7,6,0.10922280000522733
pushpins,C:\Users\User\Desktop\DefectRAG\data\mvtec_loco_ad\pushpins\test\logical_anomalies\021.png,logical_anomalies,1,0.04514443874359131,3,11,0.09938149999652524
pushpins,C:\Users\User\Desktop\DefectRAG\data\mvtec_loco_ad\pushpins\test\logical_anomalies\022.png,logical_anomalies,1,0.05957663059234619,4,1,0.10105699999257922
pushpins,C:\Users\User\Desktop\DefectRAG\data\mvtec_loco_ad\pushpins\test\logical_anomalies\023.png,logical_anomalies,1,0.05149763822555542,2,3,0.09934349999821279
pushpins,C:\Users\User\Desktop\DefectRAG\data\mvtec_loco_ad\pushpins\test\logical_anomalies\024.png,logical_anomalies,1,0.04912900924682617,12,12,0.09121480000612792
pushpins,C:\Users\User\Desktop\DefectRAG\data\mvtec_loco_ad\pushpins\test\logical_anomalies\025.png,logical_anomalies,1,0.03130155801773071,6,8,0.10842370000318624
pushpins,C:\Users\User\Desktop\DefectRAG\data\mvtec_loco_ad\pushpins\test\logical_anomalies\026.png,logical_anomalies,1,0.041411519050598145,1,4,0.09130350001214538
pushpins,C:\Users\User\Desktop\DefectRAG\data\mvtec_loco_ad\pushpins\test\logical_anomalies\027.png,logical_anomalies,1,0.04666018486022949,3,7,0.11607190000358969
pushpins,C:\Users\User\Desktop\DefectRAG\data\mvtec_loco_ad\pushpins\test\logical_anomalies\028.png,logical_anomalies,1,0.0270116925239563,5,2,0.10976089999894612
pushpins,C:\Users\User\Desktop\DefectRAG\data\mvtec_loco_ad\pushpins\test\logical_anomalies\029.png,logical_anomalies,1,0.03587824106216431,6,9,0.09580479998840019
pushpins,C:\Users\User\Desktop\DefectRAG\data\mvtec_loco_ad\pushpins\test\logical_anomalies\030.png,logical_anomalies,1,0.03526395559310913,1,11,0.09521440000389703
pushpins,C:\Users\User\Desktop\DefectRAG\data\mvtec_loco_ad\pushpins\test\logical_anomalies\031.png,logical_anomalies,1,0.027953922748565674,9,4,0.12284849998832215
pushpins,C:\Users\User\Desktop\DefectRAG\data\mvtec_loco_ad\pushpins\test\logical_anomalies\032.png,logical_anomalies,1,0.0427815318107605,12,3,0.08883529999002349
pushpins,C:\Users\User\Desktop\DefectRAG\data\mvtec_loco_ad\pushpins\test\logical_anomalies\033.png,logical_anomalies,1,0.040541112422943115,1,7,0.09725809999508783
pushpins,C:\Users\User\Desktop\DefectRAG\data\mvtec_loco_ad\pushpins\test\logical_anomalies\034.png,logical_anomalies,1,0.0349348783493042,6,9,0.08942589999060147
pushpins,C:\Users\User\Desktop\DefectRAG\data\mvtec_loco_ad\pushpins\test\logical_anomalies\035.png,logical_anomalies,1,0.03335916996002197,6,8,0.09648599999491125
pushpins,C:\Users\User\Desktop\DefectRAG\data\mvtec_loco_ad\pushpins\test\logical_anomalies\036.png,logical_anomalies,1,0.02775895595550537,7,9,0.09390170000551734
pushpins,C:\Users\User\Desktop\DefectRAG\data\mvtec_loco_ad\pushpins\test\logical_anomalies\037.png,logical_anomalies,1,0.032986581325531006,11,1,0.0869241000036709
pushpins,C:\Users\User\Desktop\DefectRAG\data\mvtec_loco_ad\pushpins\test\logical_anomalies\038.png,logical_anomalies,1,0.04161578416824341,11,5,0.08638670000073034
pushpins,C:\Users\User\Desktop\DefectRAG\data\mvtec_loco_ad\pushpins\test\logical_anomalies\039.png,logical_anomalies,1,0.024417102336883545,4,12,0.08894650000729598
pushpins,C:\Users\User\Desktop\DefectRAG\data\mvtec_loco_ad\pushpins\test\logical_anomalies\040.png,logical_anomalies,1,0.03372931480407715,6,9,0.09922570000344422
pushpins,C:\Users\User\Desktop\DefectRAG\data\mvtec_loco_ad\pushpins\test\logical_anomalies\041.png,logical_anomalies,1,0.0353584885597229,8,9,0.0868283000017982
pushpins,C:\Users\User\Desktop\DefectRAG\data\mvtec_loco_ad\pushpins\test\logical_anomalies\042.png,logical_anomalies,1,0.02886587381362915,2,12,0.10841890001029242
pushpins,C:\Users\User\Desktop\DefectRAG\data\mvtec_loco_ad\pushpins\test\logical_anomalies\043.png,logical_anomalies,1,0.03132176399230957,2,3,0.08308630000101402
pushpins,C:\Users\User\Desktop\DefectRAG\data\mvtec_loco_ad\pushpins\test\logical_anomalies\044.png,logical_anomalies,1,0.03276282548904419,11,5,0.08710020000580698
pushpins,C:\Users\User\Desktop\DefectRAG\data\mvtec_loco_ad\pushpins\test\logical_anomalies\045.png,logical_anomalies,1,0.02747291326522827,2,9,0.08155240000633057
pushpins,C:\Users\User\Desktop\DefectRAG\data\mvtec_loco_ad\pushpins\test\logical_anomalies\046.png,logical_anomalies,1,0.03456306457519531,2,11,0.08228459999372717
pushpins,C:\Users\User\Desktop\DefectRAG\data\mvtec_loco_ad\pushpins\test\logical_anomalies\047.png,logical_anomalies,1,0.030887365341186523,10,0,0.0922697999922093
pushpins,C:\Users\User\Desktop\DefectRAG\data\mvtec_loco_ad\pushpins\test\logical_anomalies\048.png,logical_anomalies,1,0.03277313709259033,3,7,0.0850291999959154
pushpins,C:\Users\User\Desktop\DefectRAG\data\mvtec_loco_ad\pushpins\test\logical_anomalies\049.png,logical_anomalies,1,0.03268986940383911,1,9,0.08114660000137519
pushpins,C:\Users\User\Desktop\DefectRAG\data\mvtec_loco_ad\pushpins\test\logical_anomalies\050.png,logical_anomalies,1,0.02827209234237671,11,10,0.11539300000004005
pushpins,C:\Users\User\Desktop\DefectRAG\data\mvtec_loco_ad\pushpins\test\logical_anomalies\051.png,logical_anomalies,1,0.033403992652893066,6,9,0.08117250000941567
pushpins,C:\Users\User\Desktop\DefectRAG\data\mvtec_loco_ad\pushpins\test\logical_anomalies\052.png,logical_anomalies,1,0.03049767017364502,1,2,0.10825900000054389
pushpins,C:\Users\User\Desktop\DefectRAG\data\mvtec_loco_ad\pushpins\test\logical_anomalies\053.png,logical_anomalies,1,0.026473283767700195,7,9,0.08779009999125265
pushpins,C:\Users\User\Desktop\DefectRAG\data\mvtec_loco_ad\pushpins\test\logical_anomalies\054.png,logical_anomalies,1,0.03521072864532471,2,11,0.10947460000170395
pushpins,C:\Users\User\Desktop\DefectRAG\data\mvtec_loco_ad\pushpins\test\logical_anomalies\055.png,logical_anomalies,1,0.033987581729888916,6,9,0.09302190000016708
pushpins,C:\Users\User\Desktop\DefectRAG\data\mvtec_loco_ad\pushpins\test\logical_anomalies\056.png,logical_anomalies,1,0.03258252143859863,6,9,0.07203340000705793
pushpins,C:\Users\User\Desktop\DefectRAG\data\mvtec_loco_ad\pushpins\test\logical_anomalies\057.png,logical_anomalies,1,0.09882569313049316,6,9,0.09639500000048429
pushpins,C:\Users\User\Desktop\DefectRAG\data\mvtec_loco_ad\pushpins\test\logical_anomalies\058.png,logical_anomalies,1,0.09674525260925293,6,9,0.09803110000211746
pushpins,C:\Users\User\Desktop\DefectRAG\data\mvtec_loco_ad\pushpins\test\logical_anomalies\059.png,logical_anomalies,1,0.09493738412857056,6,8,0.09203999998862855
pushpins,C:\Users\User\Desktop\DefectRAG\data\mvtec_loco_ad\pushpins\test\logical_anomalies\060.png,logical_anomalies,1,0.09427595138549805,6,5,0.08852059999480844
pushpins,C:\Users\User\Desktop\DefectRAG\data\mvtec_loco_ad\pushpins\test\logical_anomalies\061.png,logical_anomalies,1,0.0985916256904602,6,9,0.08972339998581447
pushpins,C:\Users\User\Desktop\DefectRAG\data\mvtec_loco_ad\pushpins\test\logical_anomalies\062.png,logical_anomalies,1,0.04256916046142578,4,10,0.08235270000295714
pushpins,C:\Users\User\Desktop\DefectRAG\data\mvtec_loco_ad\pushpins\test\logical_anomalies\063.png,logical_anomalies,1,0.041220247745513916,8,8,0.07834209999418817
pushpins,C:\Users\User\Desktop\DefectRAG\data\mvtec_loco_ad\pushpins\test\logical_anomalies\064.png,logical_anomalies,1,0.03921663761138916,1,3,0.09542929999588523
pushpins,C:\Users\User\Desktop\DefectRAG\data\mvtec_loco_ad\pushpins\test\logical_anomalies\065.png,logical_anomalies,1,0.032813429832458496,6,3,0.08027859999856446
pushpins,C:\Users\User\Desktop\DefectRAG\data\mvtec_loco_ad\pushpins\test\logical_anomalies\066.png,logical_anomalies,1,0.04807931184768677,4,10,0.06640470000274945
pushpins,C:\Users\User\Desktop\DefectRAG\data\mvtec_loco_ad\pushpins\test\logical_anomalies\067.png,logical_anomalies,1,0.04657638072967529,5,5,0.08985800000664312
pushpins,C:\Users\User\Desktop\DefectRAG\data\mvtec_loco_ad\pushpins\test\logical_anomalies\068.png,logical_anomalies,1,0.03541797399520874,4,8,0.0990624999976717
pushpins,C:\Users\User\Desktop\DefectRAG\data\mvtec_loco_ad\pushpins\test\logical_anomalies\069.png,logical_anomalies,1,0.04503697156906128,12,8,0.09120330000587273
pushpins,C:\Users\User\Desktop\DefectRAG\data\mvtec_loco_ad\pushpins\test\logical_anomalies\070.png,logical_anomalies,1,0.03290998935699463,3,8,0.08929960000386927
pushpins,C:\Users\User\Desktop\DefectRAG\data\mvtec_loco_ad\pushpins\test\logical_anomalies\071.png,logical_anomalies,1,0.02932751178741455,4,2,0.0858581999927992
pushpins,C:\Users\User\Desktop\DefectRAG\data\mvtec_loco_ad\pushpins\test\logical_anomalies\072.png,logical_anomalies,1,0.03621178865432739,7,9,0.11148970000795089
pushpins,C:\Users\User\Desktop\DefectRAG\data\mvtec_loco_ad\pushpins\test\logical_anomalies\073.png,logical_anomalies,1,0.027609586715698242,6,2,0.08816929999738932
pushpins,C:\Users\User\Desktop\DefectRAG\data\mvtec_loco_ad\pushpins\test\logical_anomalies\074.png,logical_anomalies,1,0.03829914331436157,1,9,0.09044080000603572
pushpins,C:\Users\User\Desktop\DefectRAG\data\mvtec_loco_ad\pushpins\test\logical_anomalies\075.png,logical_anomalies,1,0.03263610601425171,6,9,0.09632680000504479
pushpins,C:\Users\User\Desktop\DefectRAG\data\mvtec_loco_ad\pushpins\test\logical_anomalies\076.png,logical_anomalies,1,0.03610503673553467,5,8,0.10885800000687595
pushpins,C:\Users\User\Desktop\DefectRAG\data\mvtec_loco_ad\pushpins\test\logical_anomalies\077.png,logical_anomalies,1,0.037676334381103516,4,10,0.09395329999097157
pushpins,C:\Users\User\Desktop\DefectRAG\data\mvtec_loco_ad\pushpins\test\logical_anomalies\078.png,logical_anomalies,1,0.04338943958282471,1,3,0.10176410000713076
pushpins,C:\Users\User\Desktop\DefectRAG\data\mvtec_loco_ad\pushpins\test\logical_anomalies\079.png,logical_anomalies,1,0.03817516565322876,12,10,0.09386950000771321
pushpins,C:\Users\User\Desktop\DefectRAG\data\mvtec_loco_ad\pushpins\test\logical_anomalies\080.png,logical_anomalies,1,0.04133915901184082,12,5,0.08705660000850912
pushpins,C:\Users\User\Desktop\DefectRAG\data\mvtec_loco_ad\pushpins\test\logical_anomalies\081.png,logical_anomalies,1,0.03429800271987915,3,6,0.08880270000372548
pushpins,C:\Users\User\Desktop\DefectRAG\data\mvtec_loco_ad\pushpins\test\logical_anomalies\082.png,logical_anomalies,1,0.028945982456207275,4,1,0.08645240000623744
pushpins,C:\Users\User\Desktop\DefectRAG\data\mvtec_loco_ad\pushpins\test\logical_anomalies\083.png,logical_anomalies,1,0.027378559112548828,4,5,0.08025690000795294
pushpins,C:\Users\User\Desktop\DefectRAG\data\mvtec_loco_ad\pushpins\test\logical_anomalies\084.png,logical_anomalies,1,0.035373032093048096,7,5,0.08998410000640433
pushpins,C:\Users\User\Desktop\DefectRAG\data\mvtec_loco_ad\pushpins\test\logical_anomalies\085.png,logical_anomalies,1,0.03096562623977661,2,8,0.09716050000861287
pushpins,C:\Users\User\Desktop\DefectRAG\data\mvtec_loco_ad\pushpins\test\logical_anomalies\086.png,logical_anomalies,1,0.03719139099121094,3,5,0.09068390000902582
pushpins,C:\Users\User\Desktop\DefectRAG\data\mvtec_loco_ad\pushpins\test\logical_anomalies\087.png,logical_anomalies,1,0.035816729068756104,3,5,0.09139899999718182
pushpins,C:\Users\User\Desktop\DefectRAG\data\mvtec_loco_ad\pushpins\test\logical_anomalies\088.png,logical_anomalies,1,0.04452639818191528,6,9,0.0863802000094438
pushpins,C:\Users\User\Desktop\DefectRAG\data\mvtec_loco_ad\pushpins\test\logical_anomalies\089.png,logical_anomalies,1,0.036216020584106445,6,9,0.09748149999359157
pushpins,C:\Users\User\Desktop\DefectRAG\data\mvtec_loco_ad\pushpins\test\logical_anomalies\090.png,logical_anomalies,1,0.042806029319763184,6,9,0.10877930000424385
pushpins,C:\Users\User\Desktop\DefectRAG\data\mvtec_loco_ad\pushpins\test\structural_anomalies\000.png,structural_anomalies,1,0.03423261642456055,2,1,0.10032209999917541
pushpins,C:\Users\User\Desktop\DefectRAG\data\mvtec_loco_ad\pushpins\test\structural_anomalies\001.png,structural_anomalies,1,0.03038877248764038,5,12,0.07845939999970142
pushpins,C:\Users\User\Desktop\DefectRAG\data\mvtec_loco_ad\pushpins\test\structural_anomalies\002.png,structural_anomalies,1,0.03732579946517944,3,11,0.1023507000063546
pushpins,C:\Users\User\Desktop\DefectRAG\data\mvtec_loco_ad\pushpins\test\structural_anomalies\003.png,structural_anomalies,1,0.03289639949798584,5,7,0.0791124000097625
pushpins,C:\Users\User\Desktop\DefectRAG\data\mvtec_loco_ad\pushpins\test\structural_anomalies\004.png,structural_anomalies,1,0.03205466270446777,7,0,0.09931049999431707
pushpins,C:\Users\User\Desktop\DefectRAG\data\mvtec_loco_ad\pushpins\test\structural_anomalies\005.png,structural_anomalies,1,0.029363632202148438,8,12,0.08498279999184888
pushpins,C:\Users\User\Desktop\DefectRAG\data\mvtec_loco_ad\pushpins\test\structural_anomalies\006.png,structural_anomalies,1,0.028874516487121582,6,6,0.09274809999624267
pushpins,C:\Users\User\Desktop\DefectRAG\data\mvtec_loco_ad\pushpins\test\structural_anomalies\007.png,structural_anomalies,1,0.04261589050292969,4,5,0.09626479999860749
pushpins,C:\Users\User\Desktop\DefectRAG\data\mvtec_loco_ad\pushpins\test\structural_anomalies\008.png,structural_anomalies,1,0.034248948097229004,6,9,0.09880619999603368
pushpins,C:\Users\User\Desktop\DefectRAG\data\mvtec_loco_ad\pushpins\test\structural_anomalies\009.png,structural_anomalies,1,0.03905671834945679,11,0,0.10375809999823105
pushpins,C:\Users\User\Desktop\DefectRAG\data\mvtec_loco_ad\pushpins\test\structural_anomalies\010.png,structural_anomalies,1,0.030876576900482178,2,0,0.09788139999727719
pushpins,C:\Users\User\Desktop\DefectRAG\data\mvtec_loco_ad\pushpins\test\structural_anomalies\011.png,structural_anomalies,1,0.03741586208343506,1,12,0.09041499999875668
pushpins,C:\Users\User\Desktop\DefectRAG\data\mvtec_loco_ad\pushpins\test\structural_anomalies\012.png,structural_anomalies,1,0.033593714237213135,8,11,0.08200769999530166
pushpins,C:\Users\User\Desktop\DefectRAG\data\mvtec_loco_ad\pushpins\test\structural_anomalies\013.png,structural_anomalies,1,0.034353673458099365,9,11,0.10540020000189543
pushpins,C:\Users\User\Desktop\DefectRAG\data\mvtec_loco_ad\pushpins\test\structural_anomalies\014.png,structural_anomalies,1,0.02936488389968872,2,3,0.0915058999962639
pushpins,C:\Users\User\Desktop\DefectRAG\data\mvtec_loco_ad\pushpins\test\structural_anomalies\015.png,structural_anomalies,1,0.03727841377258301,10,11,0.08627090000663884
pushpins,C:\Users\User\Desktop\DefectRAG\data\mvtec_loco_ad\pushpins\test\structural_anomalies\016.png,structural_anomalies,1,0.034026265144348145,3,5,0.08827079999900889
pushpins,C:\Users\User\Desktop\DefectRAG\data\mvtec_loco_ad\pushpins\test\structural_anomalies\017.png,structural_anomalies,1,0.035031139850616455,2,11,0.12376960000256076
pushpins,C:\Users\User\Desktop\DefectRAG\data\mvtec_loco_ad\pushpins\test\structural_anomalies\018.png,structural_anomalies,1,0.03362596035003662,3,8,0.09445750000304542
pushpins,C:\Users\User\Desktop\DefectRAG\data\mvtec_loco_ad\pushpins\test\structural_anomalies\019.png,structural_anomalies,1,0.032859861850738525,10,0,0.10340360000554938
pushpins,C:\Users\User\Desktop\DefectRAG\data\mvtec_loco_ad\pushpins\test\structural_anomalies\020.png,structural_anomalies,1,0.03562271595001221,4,8,0.09351160000369418
pushpins,C:\Users\User\Desktop\DefectRAG\data\mvtec_loco_ad\pushpins\test\structural_anomalies\021.png,structural_anomalies,1,0.032729923725128174,1,10,0.09687100000155624
pushpins,C:\Users\User\Desktop\DefectRAG\data\mvtec_loco_ad\pushpins\test\structural_anomalies\022.png,structural_anomalies,1,0.0355910062789917,3,6,0.08282840000174474
pushpins,C:\Users\User\Desktop\DefectRAG\data\mvtec_loco_ad\pushpins\test\structural_anomalies\023.png,structural_anomalies,1,0.03896528482437134,6,0,0.10307599999941885
pushpins,C:\Users\User\Desktop\DefectRAG\data\mvtec_loco_ad\pushpins\test\structural_anomalies\024.png,structural_anomalies,1,0.032681941986083984,6,9,0.10661449999315664
pushpins,C:\Users\User\Desktop\DefectRAG\data\mvtec_loco_ad\pushpins\test\structural_anomalies\025.png,structural_anomalies,1,0.04062873125076294,7,0,0.08779549998871516
pushpins,C:\Users\User\Desktop\DefectRAG\data\mvtec_loco_ad\pushpins\test\structural_anomalies\026.png,structural_anomalies,1,0.0306546688079834,4,4,0.0870990000112215
pushpins,C:\Users\User\Desktop\DefectRAG\data\mvtec_loco_ad\pushpins\test\structural_anomalies\027.png,structural_anomalies,1,0.039986371994018555,11,1,0.09916499999235384
pushpins,C:\Users\User\Desktop\DefectRAG\data\mvtec_loco_ad\pushpins\test\structural_anomalies\028.png,structural_anomalies,1,0.03087937831878662,6,7,0.08299830000032671
pushpins,C:\Users\User\Desktop\DefectRAG\data\mvtec_loco_ad\pushpins\test\structural_anomalies\029.png,structural_anomalies,1,0.03740084171295166,6,4,0.09113790000264999
pushpins,C:\Users\User\Desktop\DefectRAG\data\mvtec_loco_ad\pushpins\test\structural_anomalies\030.png,structural_anomalies,1,0.04750978946685791,2,9,0.08396109999739565
pushpins,C:\Users\User\Desktop\DefectRAG\data\mvtec_loco_ad\pushpins\test\structural_anomalies\031.png,structural_anomalies,1,0.03253328800201416,2,1,0.09911560000909958
pushpins,C:\Users\User\Desktop\DefectRAG\data\mvtec_loco_ad\pushpins\test\structural_anomalies\032.png,structural_anomalies,1,0.035217881202697754,5,9,0.0870398999977624
pushpins,C:\Users\User\Desktop\DefectRAG\data\mvtec_loco_ad\pushpins\test\structural_anomalies\033.png,structural_anomalies,1,0.038984835147857666,8,7,0.09333329999935813
pushpins,C:\Users\User\Desktop\DefectRAG\data\mvtec_loco_ad\pushpins\test\structural_anomalies\034.png,structural_anomalies,1,0.04686415195465088,9,2,0.08309709999593906
pushpins,C:\Users\User\Desktop\DefectRAG\data\mvtec_loco_ad\pushpins\test\structural_anomalies\035.png,structural_anomalies,1,0.04151564836502075,3,10,0.09223500000371132
pushpins,C:\Users\User\Desktop\DefectRAG\data\mvtec_loco_ad\pushpins\test\structural_anomalies\036.png,structural_anomalies,1,0.042205631732940674,4,8,0.08256739999342244
pushpins,C:\Users\User\Desktop\DefectRAG\data\mvtec_loco_ad\pushpins\test\structural_anomalies\037.png,structural_anomalies,1,0.030209839344024658,6,9,0.09159599999838974
pushpins,C:\Users\User\Desktop\DefectRAG\data\mvtec_loco_ad\pushpins\test\structural_anomalies\038.png,structural_anomalies,1,0.03376638889312744,6,3,0.08804109999618959
pushpins,C:\Users\User\Desktop\DefectRAG\data\mvtec_loco_ad\pushpins\test\structural_anomalies\039.png,structural_anomalies,1,0.03903573751449585,10,4,0.09801849999348633
pushpins,C:\Users\User\Desktop\DefectRAG\data\mvtec_loco_ad\pushpins\test\structural_anomalies\040.png,structural_anomalies,1,0.03726440668106079,1,12,0.08988200000021607
pushpins,C:\Users\User\Desktop\DefectRAG\data\mvtec_loco_ad\pushpins\test\structural_anomalies\041.png,structural_anomalies,1,0.03514456748962402,3,7,0.0905341000034241
pushpins,C:\Users\User\Desktop\DefectRAG\data\mvtec_loco_ad\pushpins\test\structural_anomalies\042.png,structural_anomalies,1,0.04157662391662598,6,6,0.1117445999989286
pushpins,C:\Users\User\Desktop\DefectRAG\data\mvtec_loco_ad\pushpins\test\structural_anomalies\043.png,structural_anomalies,1,0.034612059593200684,2,12,0.11576699999568518
pushpins,C:\Users\User\Desktop\DefectRAG\data\mvtec_loco_ad\pushpins\test\structural_anomalies\044.png,structural_anomalies,1,0.03509378433227539,3,5,0.10040060000028461
pushpins,C:\Users\User\Desktop\DefectRAG\data\mvtec_loco_ad\pushpins\test\structural_anomalies\045.png,structural_anomalies,1,0.0668286681175232,2,1,0.09006609999050852
pushpins,C:\Users\User\Desktop\DefectRAG\data\mvtec_loco_ad\pushpins\test\structural_anomalies\046.png,structural_anomalies,1,0.03530430793762207,7,6,0.11315439999452792
pushpins,C:\Users\User\Desktop\DefectRAG\data\mvtec_loco_ad\pushpins\test\structural_anomalies\047.png,structural_anomalies,1,0.05925792455673218,1,3,0.11612160000368021
pushpins,C:\Users\User\Desktop\DefectRAG\data\mvtec_loco_ad\pushpins\test\structural_anomalies\048.png,structural_anomalies,1,0.03131932020187378,3,5,0.07932820000860374
pushpins,C:\Users\User\Desktop\DefectRAG\data\mvtec_loco_ad\pushpins\test\structural_anomalies\049.png,structural_anomalies,1,0.07325148582458496,3,13,0.08093309999094345
pushpins,C:\Users\User\Desktop\DefectRAG\data\mvtec_loco_ad\pushpins\test\structural_anomalies\050.png,structural_anomalies,1,0.13669133186340332,6,9,0.09913799999048933
pushpins,C:\Users\User\Desktop\DefectRAG\data\mvtec_loco_ad\pushpins\test\structural_anomalies\051.png,structural_anomalies,1,0.06426364183425903,5,4,0.0929766000044765
pushpins,C:\Users\User\Desktop\DefectRAG\data\mvtec_loco_ad\pushpins\test\structural_anomalies\052.png,structural_anomalies,1,0.0425572395324707,12,11,0.09308360000432003
pushpins,C:\Users\User\Desktop\DefectRAG\data\mvtec_loco_ad\pushpins\test\structural_anomalies\053.png,structural_anomalies,1,0.04012703895568848,3,13,0.08365179999964312
pushpins,C:\Users\User\Desktop\DefectRAG\data\mvtec_loco_ad\pushpins\test\structural_anomalies\054.png,structural_anomalies,1,0.04707896709442139,2,2,0.09451199999602977
pushpins,C:\Users\User\Desktop\DefectRAG\data\mvtec_loco_ad\pushpins\test\structural_anomalies\055.png,structural_anomalies,1,0.03577381372451782,1,9,0.08792809999431483
pushpins,C:\Users\User\Desktop\DefectRAG\data\mvtec_loco_ad\pushpins\test\structural_anomalies\056.png,structural_anomalies,1,0.06798124313354492,2,4,0.0879622000065865
pushpins,C:\Users\User\Desktop\DefectRAG\data\mvtec_loco_ad\pushpins\test\structural_anomalies\057.png,structural_anomalies,1,0.02933579683303833,11,4,0.09930549999990035
pushpins,C:\Users\User\Desktop\DefectRAG\data\mvtec_loco_ad\pushpins\test\structural_anomalies\058.png,structural_anomalies,1,0.053444743156433105,3,4,0.08779040000808891
pushpins,C:\Users\User\Desktop\DefectRAG\data\mvtec_loco_ad\pushpins\test\structural_anomalies\059.png,structural_anomalies,1,0.16102617979049683,6,4,0.07219829999667127
pushpins,C:\Users\User\Desktop\DefectRAG\data\mvtec_loco_ad\pushpins\test\structural_anomalies\060.png,structural_anomalies,1,0.048411667346954346,6,9,0.09380810000584461
pushpins,C:\Users\User\Desktop\DefectRAG\data\mvtec_loco_ad\pushpins\test\structural_anomalies\061.png,structural_anomalies,1,0.052216529846191406,11,1,0.08504580000590067
pushpins,C:\Users\User\Desktop\DefectRAG\data\mvtec_loco_ad\pushpins\test\structural_anomalies\062.png,structural_anomalies,1,0.07559943199157715,9,9,0.09406819999276195
pushpins,C:\Users\User\Desktop\DefectRAG\data\mvtec_loco_ad\pushpins\test\structural_anomalies\063.png,structural_anomalies,1,0.052197277545928955,11,11,0.09309019999636803
pushpins,C:\Users\User\Desktop\DefectRAG\data\mvtec_loco_ad\pushpins\test\structural_anomalies\064.png,structural_anomalies,1,0.034984588623046875,11,10,0.10182890000578482
pushpins,C:\Users\User\Desktop\DefectRAG\data\mvtec_loco_ad\pushpins\test\structural_anomalies\065.png,structural_anomalies,1,0.040170490741729736,1,12,0.10380870000517461
pushpins,C:\Users\User\Desktop\DefectRAG\data\mvtec_loco_ad\pushpins\test\structural_anomalies\066.png,structural_anomalies,1,0.03704833984375,9,8,0.10320349999528844
pushpins,C:\Users\User\Desktop\DefectRAG\data\mvtec_loco_ad\pushpins\test\structural_anomalies\067.png,structural_anomalies,1,0.034976840019226074,7,0,0.07053939999605063
pushpins,C:\Users\User\Desktop\DefectRAG\data\mvtec_loco_ad\pushpins\test\structural_anomalies\068.png,structural_anomalies,1,0.031752943992614746,1,2,0.09659299999475479
pushpins,C:\Users\User\Desktop\DefectRAG\data\mvtec_loco_ad\pushpins\test\structural_anomalies\069.png,structural_anomalies,1,0.031200110912322998,5,12,0.10434220000752248
pushpins,C:\Users\User\Desktop\DefectRAG\data\mvtec_loco_ad\pushpins\test\structural_anomalies\070.png,structural_anomalies,1,0.06021559238433838,6,6,0.10266349998710211
pushpins,C:\Users\User\Desktop\DefectRAG\data\mvtec_loco_ad\pushpins\test\structural_anomalies\071.png,structural_anomalies,1,0.03302663564682007,7,10,0.07638909999513999
pushpins,C:\Users\User\Desktop\DefectRAG\data\mvtec_loco_ad\pushpins\test\structural_anomalies\072.png,structural_anomalies,1,0.039333343505859375,3,5,0.0887737000011839
pushpins,C:\Users\User\Desktop\DefectRAG\data\mvtec_loco_ad\pushpins\test\structural_anomalies\073.png,structural_anomalies,1,0.04498022794723511,11,5,0.0803818999993382
pushpins,C:\Users\User\Desktop\DefectRAG\data\mvtec_loco_ad\pushpins\test\structural_anomalies\074.png,structural_anomalies,1,0.029173314571380615,8,12,0.09323450000374578
pushpins,C:\Users\User\Desktop\DefectRAG\data\mvtec_loco_ad\pushpins\test\structural_anomalies\075.png,structural_anomalies,1,0.028524160385131836,1,11,0.08544500000425614
pushpins,C:\Users\User\Desktop\DefectRAG\data\mvtec_loco_ad\pushpins\test\structural_anomalies\076.png,structural_anomalies,1,0.03926515579223633,5,6,0.105255100002978
pushpins,C:\Users\User\Desktop\DefectRAG\data\mvtec_loco_ad\pushpins\test\structural_anomalies\077.png,structural_anomalies,1,0.028028547763824463,3,8,0.08950689999619499
pushpins,C:\Users\User\Desktop\DefectRAG\data\mvtec_loco_ad\pushpins\test\structural_anomalies\078.png,structural_anomalies,1,0.02826225757598877,9,11,0.09329929998784792
pushpins,C:\Users\User\Desktop\DefectRAG\data\mvtec_loco_ad\pushpins\test\structural_anomalies\079.png,structural_anomalies,1,0.02915734052658081,2,3,0.08610390000103507
pushpins,C:\Users\User\Desktop\DefectRAG\data\mvtec_loco_ad\pushpins\test\structural_anomalies\080.png,structural_anomalies,1,0.031463563442230225,6,11,0.09847349999472499
screw_bag,C:\Users\User\Desktop\DefectRAG\data\mvtec_loco_ad\screw_bag\test\good\000.png,good,0,0.07445776462554932,8,3,0.19942150000133552
screw_bag,C:\Users\User\Desktop\DefectRAG\data\mvtec_loco_ad\screw_bag\test\good\001.png,good,0,0.07706409692764282,9,4,0.11295359999348875
screw_bag,C:\Users\User\Desktop\DefectRAG\data\mvtec_loco_ad\screw_bag\test\good\002.png,good,0,0.08442193269729614,4,6,0.10545849999471102
screw_bag,C:\Users\User\Desktop\DefectRAG\data\mvtec_loco_ad\screw_bag\test\good\003.png,good,0,0.09744083881378174,10,5,0.1017586000089068
screw_bag,C:\Users\User\Desktop\DefectRAG\data\mvtec_loco_ad\screw_bag\test\good\004.png,good,0,0.06934785842895508,6,6,0.12484380000387318
screw_bag,C:\Users\User\Desktop\DefectRAG\data\mvtec_loco_ad\screw_bag\test\good\005.png,good,0,0.06391727924346924,6,4,0.08694959999411367
screw_bag,C:\Users\User\Desktop\DefectRAG\data\mvtec_loco_ad\screw_bag\test\good\006.png,good,0,0.09869861602783203,2,7,0.09380319999763742
screw_bag,C:\Users\User\Desktop\DefectRAG\data\mvtec_loco_ad\screw_bag\test\good\007.png,good,0,0.06696826219558716,7,4,0.09013689999119379
screw_bag,C:\Users\User\Desktop\DefectRAG\data\mvtec_loco_ad\screw_bag\test\good\008.png,good,0,0.10887032747268677,3,3,0.0773031999997329
screw_bag,C:\Users\User\Desktop\DefectRAG\data\mvtec_loco_ad\screw_bag\test\good\009.png,good,0,0.06942999362945557,8,4,0.09731690000626259
screw_bag,C:\Users\User\Desktop\DefectRAG\data\mvtec_loco_ad\screw_bag\test\good\010.png,good,0,0.054179370403289795,6,5,0.09998510000878014
screw_bag,C:\Users\User\Desktop\DefectRAG\data\mvtec_loco_ad\screw_bag\test\good\011.png,good,0,0.09918498992919922,4,5,0.09301340000820346
screw_bag,C:\Users\User\Desktop\DefectRAG\data\mvtec_loco_ad\screw_bag\test\good\012.png,good,0,0.09015613794326782,8,5,0.09067879999929573
screw_bag,C:\Users\User\Desktop\DefectRAG\data\mvtec_loco_ad\screw_bag\test\good\013.png,good,0,0.10366183519363403,5,4,0.09114819999376778
screw_bag,C:\Users\User\Desktop\DefectRAG\data\mvtec_loco_ad\screw_bag\test\good\014.png,good,0,0.06054192781448364,8,7,0.08505399999557994
screw_bag,C:\Users\User\Desktop\DefectRAG\data\mvtec_loco_ad\screw_bag\test\good\015.png,good,0,0.108889639377594,5,5,0.08247609999671113
screw_bag,C:\Users\User\Desktop\DefectRAG\data\mvtec_loco_ad\screw_bag\test\good\016.png,good,0,0.07215213775634766,6,4,0.07545660001051147
screw_bag,C:\Users\User\Desktop\DefectRAG\data\mvtec_loco_ad\screw_bag\test\good\017.png,good,0,0.10627561807632446,2,5,0.0982609000056982
screw_bag,C:\Users\User\Desktop\DefectRAG\data\mvtec_loco_ad\screw_bag\test\good\018.png,good,0,0.06352031230926514,2,5,0.08888500000466593
screw_bag,C:\Users\User\Desktop\DefectRAG\data\mvtec_loco_ad\screw_bag\test\good\019.png,good,0,0.06707167625427246,3,3,0.10613549999834504
screw_bag,C:\Users\User\Desktop\DefectRAG\data\mvtec_loco_ad\screw_bag\test\good\020.png,good,0,0.06418842077255249,5,9,0.11025309999240562
screw_bag,C:\Users\User\Desktop\DefectRAG\data\mvtec_loco_ad\screw_bag\test\good\021.png,good,0,0.13340312242507935,7,4,0.0957368000090355
screw_bag,C:\Users\User\Desktop\DefectRAG\data\mvtec_loco_ad\screw_bag\test\good\022.png,good,0,0.06138700246810913,8,4,0.09679789999790955
screw_bag,C:\Users\User\Desktop\DefectRAG\data\mvtec_loco_ad\screw_bag\test\good\023.png,good,0,0.05451548099517822,4,6,0.09444190000067465
screw_bag,C:\Users\User\Desktop\DefectRAG\data\mvtec_loco_ad\screw_bag\test\good\024.png,good,0,0.07185029983520508,7,8,0.07992259999446105
screw_bag,C:\Users\User\Desktop\DefectRAG\data\mvtec_loco_ad\screw_bag\test\good\025.png,good,0,0.0743098258972168,3,5,0.0936049999872921
screw_bag,C:\Users\User\Desktop\DefectRAG\data\mvtec_loco_ad\screw_bag\test\good\026.png,good,0,0.07283896207809448,10,4,0.07571520000055898
screw_bag,C:\Users\User\Desktop\DefectRAG\data\mvtec_loco_ad\screw_bag\test\good\027.png,good,0,0.0637241005897522,4,8,0.08798850000312086
screw_bag,C:\Users\User\Desktop\DefectRAG\data\mvtec_loco_ad\screw_bag\test\good\028.png,good,0,0.07249665260314941,4,7,0.08318030000373255
screw_bag,C:\Users\User\Desktop\DefectRAG\data\mvtec_loco_ad\screw_bag\test\good\029.png,good,0,0.0884941816329956,10,5,0.0978841000032844
screw_bag,C:\Users\User\Desktop\DefectRAG\data\mvtec_loco_ad\screw_bag\test\good\030.png,good,0,0.06293928623199463,2,5,0.11129570000048261
screw_bag,C:\Users\User\Desktop\DefectRAG\data\mvtec_loco_ad\screw_bag\test\good\031.png,good,0,0.06136554479598999,4,9,0.09339159999217372
screw_bag,C:\Users\User\Desktop\DefectRAG\data\mvtec_loco_ad\screw_bag\test\good\032.png,good,0,0.07748472690582275,6,4,0.1198216000047978
screw_bag,C:\Users\User\Desktop\DefectRAG\data\mvtec_loco_ad\screw_bag\test\good\033.png,good,0,0.1361820101737976,4,5,0.0896136000083061
screw_bag,C:\Users\User\Desktop\DefectRAG\data\mvtec_loco_ad\screw_bag\test\good\034.png,good,0,0.08100497722625732,6,4,0.10640190000412986
screw_bag,C:\Users\User\Desktop\DefectRAG\data\mvtec_loco_ad\screw_bag\test\good\035.png,good,0,0.11110079288482666,5,7,0.08564109999861103
screw_bag,C:\Users\User\Desktop\DefectRAG\data\mvtec_loco_ad\screw_bag\test\good\036.png,good,0,0.05836963653564453,10,6,0.07370670000091195
screw_bag,C:\Users\User\Desktop\DefectRAG\data\mvtec_loco_ad\screw_bag\test\good\037.png,good,0,0.05798298120498657,7,5,0.09777420001046266
screw_bag,C:\Users\User\Desktop\DefectRAG\data\mvtec_loco_ad\screw_bag\test\good\038.png,good,0,0.08511561155319214,1,6,0.09027769998647273
screw_bag,C:\Users\User\Desktop\DefectRAG\data\mvtec_loco_ad\screw_bag\test\good\039.png,good,0,0.05975455045700073,7,8,0.11275860000750981
screw_bag,C:\Users\User\Desktop\DefectRAG\data\mvtec_loco_ad\screw_bag\test\good\040.png,good,0,0.080574631690979,9,4,0.08847990000504069
screw_bag,C:\Users\User\Desktop\DefectRAG\data\mvtec_loco_ad\screw_bag\test\good\041.png,good,0,0.06148266792297363,8,3,0.0943396000075154
screw_bag,C:\Users\User\Desktop\DefectRAG\data\mvtec_loco_ad\screw_bag\test\good\042.png,good,0,0.07086604833602905,6,5,0.09497459999693092
screw_bag,C:\Users\User\Desktop\DefectRAG\data\mvtec_loco_ad\screw_bag\test\good\043.png,good,0,0.06476551294326782,5,6,0.10068079999473412
screw_bag,C:\Users\User\Desktop\DefectRAG\data\mvtec_loco_ad\screw_bag\test\good\044.png,good,0,0.08330172300338745,3,5,0.07451950000540819
screw_bag,C:\Users\User\Desktop\DefectRAG\data\mvtec_loco_ad\screw_bag\test\good\045.png,good,0,0.09649401903152466,8,8,0.07534150000719819
screw_bag,C:\Users\User\Desktop\DefectRAG\data\mvtec_loco_ad\screw_bag\test\good\046.png,good,0,0.07133972644805908,6,5,0.11445700000331271
screw_bag,C:\Users\User\Desktop\DefectRAG\data\mvtec_loco_ad\screw_bag\test\good\047.png,good,0,0.06589943170547485,6,4,0.11883819999638945
screw_bag,C:\Users\User\Desktop\DefectRAG\data\mvtec_loco_ad\screw_bag\test\good\048.png,good,0,0.07026249170303345,6,5,0.09440220000396948
screw_bag,C:\Users\User\Desktop\DefectRAG\data\mvtec_loco_ad\screw_bag\test\good\049.png,good,0,0.07624185085296631,3,5,0.09955850000551436
screw_bag,C:\Users\User\Desktop\DefectRAG\data\mvtec_loco_ad\screw_bag\test\good\050.png,good,0,0.10058242082595825,9,4,0.10050239998963661
screw_bag,C:\Users\User\Desktop\DefectRAG\data\mvtec_loco_ad\screw_bag\test\good\051.png,good,0,0.068392813205719,1,6,0.0998196000000462
screw_bag,C:\Users\User\Desktop\DefectRAG\data\mvtec_loco_ad\screw_bag\test\good\052.png,good,0,0.08238774538040161,6,5,0.09227320000354666
screw_bag,C:\Users\User\Desktop\DefectRAG\data\mvtec_loco_ad\screw_bag\test\good\053.png,good,0,0.06549370288848877,5,8,0.09600599999248516
screw_bag,C:\Users\User\Desktop\DefectRAG\data\mvtec_loco_ad\screw_bag\test\good\054.png,good,0,0.07897281646728516,6,3,0.110067200002959
screw_bag,C:\Users\User\Desktop\DefectRAG\data\mvtec_loco_ad\screw_bag\test\good\055.png,good,0,0.08007818460464478,3,8,0.09373399999458343
screw_bag,C:\Users\User\Desktop\DefectRAG\data\mvtec_loco_ad\screw_bag\test\good\056.png,good,0,0.0668480396270752,5,6,0.10343609999108594
screw_bag,C:\Users\User\Desktop\DefectRAG\data\mvtec_loco_ad\screw_bag\test\good\057.png,good,0,0.07565462589263916,5,6,0.09744919999502599
screw_bag,C:\Users\User\Desktop\DefectRAG\data\mvtec_loco_ad\screw_bag\test\good\058.png,good,0,0.07000243663787842,6,4,0.1038305000110995
screw_bag,C:\Users\User\Desktop\DefectRAG\data\mvtec_loco_ad\screw_bag\test\good\059.png,good,0,0.07452964782714844,4,7,0.10047580000536982
screw_bag,C:\Users\User\Desktop\DefectRAG\data\mvtec_loco_ad\screw_bag\test\good\060.png,good,0,0.0619390606880188,5,7,0.09812359999341425
screw_bag,C:\Users\User\Desktop\DefectRAG\data\mvtec_loco_ad\screw_bag\test\good\061.png,good,0,0.07169467210769653,9,3,0.09762280000722967
screw_bag,C:\Users\User\Desktop\DefectRAG\data\mvtec_loco_ad\screw_bag\test\good\062.png,good,0,0.0787346363067627,5,4,0.07238630000210833
screw_bag,C:\Users\User\Desktop\DefectRAG\data\mvtec_loco_ad\screw_bag\test\good\063.png,good,0,0.0716591477394104,4,7,0.09318569999595638
screw_bag,C:\Users\User\Desktop\DefectRAG\data\mvtec_loco_ad\screw_bag\test\good\064.png,good,0,0.09798496961593628,2,7,0.12449819999164902
screw_bag,C:\Users\User\Desktop\DefectRAG\data\mvtec_loco_ad\screw_bag\test\good\065.png,good,0,0.10625326633453369,6,7,0.09801839999272488
screw_bag,C:\Users\User\Desktop\DefectRAG\data\mvtec_loco_ad\screw_bag\test\good\066.png,good,0,0.11980646848678589,9,9,0.0884821999934502
screw_bag,C:\Users\User\Desktop\DefectRAG\data\mvtec_loco_ad\screw_bag\test\good\067.png,good,0,0.09069955348968506,9,5,0.09778589999768883
screw_bag,C:\Users\User\Desktop\DefectRAG\data\mvtec_loco_ad\screw_bag\test\good\068.png,good,0,0.06250178813934326,10,5,0.09812710000551306
screw_bag,C:\Users\User\Desktop\DefectRAG\data\mvtec_loco_ad\screw_bag\test\good\069.png,good,0,0.08444637060165405,3,5,0.09599129999696743
screw_bag,C:\Users\User\Desktop\DefectRAG\data\mvtec_loco_ad\screw_bag\test\good\070.png,good,0,0.0710635781288147,8,4,0.0834134000033373
screw_bag,C:\Users\User\Desktop\DefectRAG\data\mvtec_loco_ad\screw_bag\test\good\071.png,good,0,0.05971473455429077,3,5,0.1053259999898728
screw_bag,C:\Users\User\Desktop\DefectRAG\data\mvtec_loco_ad\screw_bag\test\good\072.png,good,0,0.06753808259963989,8,8,0.08474660001229495
screw_bag,C:\Users\User\Desktop\DefectRAG\data\mvtec_loco_ad\screw_bag\test\good\073.png,good,0,0.11882919073104858,4,6,0.1001644999923883
screw_bag,C:\Users\User\Desktop\DefectRAG\data\mvtec_loco_ad\screw_bag\test\good\074.png,good,0,0.09071975946426392,5,5,0.0866468000021996
screw_bag,C:\Users\User\Desktop\DefectRAG\data\mvtec_loco_ad\screw_bag\test\good\075.png,good,0,0.06012934446334839,7,4,0.09866199998941738
screw_bag,C:\Users\User\Desktop\DefectRAG\data\mvtec_loco_ad\screw_bag\test\good\076.png,good,0,0.12357014417648315,4,5,0.0929446999944048
screw_bag,C:\Users\User\Desktop\DefectRAG\data\mvtec_loco_ad\screw_bag\test\good\077.png,good,0,0.07339978218078613,11,7,0.1007001000107266
screw_bag,C:\Users\User\Desktop\DefectRAG\data\mvtec_loco_ad\screw_bag\test\good\078.png,good,0,0.0685468316078186,2,4,0.10324880000553094
screw_bag,C:\Users\User\Desktop\DefectRAG\data\mvtec_loco_ad\screw_bag\test\good\079.png,good,0,0.12895339727401733,6,6,0.10533869999926537
screw_bag,C:\Users\User\Desktop\DefectRAG\data\mvtec_loco_ad\screw_bag\test\good\080.png,good,0,0.10386896133422852,2,5,0.08070049999514595
screw_bag,C:\Users\User\Desktop\DefectRAG\data\mvtec_loco_ad\screw_bag\test\good\081.png,good,0,0.09984391927719116,4,2,0.07929690000310075
screw_bag,C:\Users\User\Desktop\DefectRAG\data\mvtec_loco_ad\screw_bag\test\good\082.png,good,0,0.06479823589324951,9,4,0.11281120000057854
screw_bag,C:\Users\User\Desktop\DefectRAG\data\mvtec_loco_ad\screw_bag\test\good\083.png,good,0,0.06983029842376709,4,5,0.09865470000659116
screw_bag,C:\Users\User\Desktop\DefectRAG\data\mvtec_loco_ad\screw_bag\test\good\084.png,good,0,0.10427647829055786,6,1,0.09789509999973234
screw_bag,C:\Users\User\Desktop\DefectRAG\data\mvtec_loco_ad\screw_bag\test\good\085.png,good,0,0.07139194011688232,4,5,0.0909547999908682
screw_bag,C:\Users\User\Desktop\DefectRAG\data\mvtec_loco_ad\screw_bag\test\good\086.png,good,0,0.07134169340133667,6,3,0.10097220000170637
screw_bag,C:\Users\User\Desktop\DefectRAG\data\mvtec_loco_ad\screw_bag\test\good\087.png,good,0,0.07685482501983643,4,6,0.0914479999919422
screw_bag,C:\Users\User\Desktop\DefectRAG\data\mvtec_loco_ad\screw_bag\test\good\088.png,good,0,0.10974788665771484,10,5,0.08936470000480767
screw_bag,C:\Users\User\Desktop\DefectRAG\data\mvtec_loco_ad\screw_bag\test\good\089.png,good,0,0.08588874340057373,7,8,0.08949729999585543
screw_bag,C:\Users\User\Desktop\DefectRAG\data\mvtec_loco_ad\screw_bag\test\good\090.png,good,0,0.06007617712020874,8,7,0.09517060000507627
screw_bag,C:\Users\User\Desktop\DefectRAG\data\mvtec_loco_ad\screw_bag\test\good\091.png,good,0,0.07363516092300415,7,4,0.08656569999584462
screw_bag,C:\Users\User\Desktop\DefectRAG\data\mvtec_loco_ad\screw_bag\test\good\092.png,good,0,0.055562615394592285,4,4,0.09484370000427589
screw_bag,C:\Users\User\Desktop\DefectRAG\data\mvtec_loco_ad\screw_bag\test\good\093.png,good,0,0.06923443078994751,3,4,0.09045649999461602
screw_bag,C:\Users\User\Desktop\DefectRAG\data\mvtec_loco_ad\screw_bag\test\good\094.png,good,0,0.06962132453918457,9,6,0.09728839999297634
screw_bag,C:\Users\User\Desktop\DefectRAG\data\mvtec_loco_ad\screw_bag\test\good\095.png,good,0,0.06920933723449707,3,8,0.09359760000370443
screw_bag,C:\Users\User\Desktop\DefectRAG\data\mvtec_loco_ad\screw_bag\test\good\096.png,good,0,0.06623876094818115,10,7,0.09973800000443589
screw_bag,C:\Users\User\Desktop\DefectRAG\data\mvtec_loco_ad\screw_bag\test\good\097.png,good,0,0.070040762424469,7,3,0.09509770000295248
screw_bag,C:\Users\User\Desktop\DefectRAG\data\mvtec_loco_ad\screw_bag\test\good\098.png,good,0,0.07107698917388916,4,4,0.10550649999640882
screw_bag,C:\Users\User\Desktop\DefectRAG\data\mvtec_loco_ad\screw_bag\test\good\099.png,good,0,0.07170182466506958,7,5,0.10370740000507794
screw_bag,C:\Users\User\Desktop\DefectRAG\data\mvtec_loco_ad\screw_bag\test\good\100.png,good,0,0.08312338590621948,4,7,0.08342569999513216
screw_bag,C:\Users\User\Desktop\DefectRAG\data\mvtec_loco_ad\screw_bag\test\good\101.png,good,0,0.08100587129592896,3,8,0.07722680000006221
screw_bag,C:\Users\User\Desktop\DefectRAG\data\mvtec_loco_ad\screw_bag\test\good\102.png,good,0,0.07814842462539673,5,4,0.0748133000015514
screw_bag,C:\Users\User\Desktop\DefectRAG\data\mvtec_loco_ad\screw_bag\test\good\103.png,good,0,0.061591506004333496,4,6,0.09256020000611898
screw_bag,C:\Users\User\Desktop\DefectRAG\data\mvtec_loco_ad\screw_bag\test\good\104.png,good,0,0.12329739332199097,3,7,0.0851431000046432
screw_bag,C:\Users\User\Desktop\DefectRAG\data\mvtec_loco_ad\screw_bag\test\good\105.png,good,0,0.062390685081481934,5,5,0.09882069999002852
screw_bag,C:\Users\User\Desktop\DefectRAG\data\mvtec_loco_ad\screw_bag\test\good\106.png,good,0,0.07418113946914673,3,8,0.09470809999038465
screw_bag,C:\Users\User\Desktop\DefectRAG\data\mvtec_loco_ad\screw_bag\test\good\107.png,good,0,0.06554257869720459,6,4,0.11688560000038706
screw_bag,C:\Users\User\Desktop\DefectRAG\data\mvtec_loco_ad\screw_bag\test\good\108.png,good,0,0.0938103199005127,5,3,0.08943809999618679
screw_bag,C:\Users\User\Desktop\DefectRAG\data\mvtec_loco_ad\screw_bag\test\good\109.png,good,0,0.05576670169830322,8,4,0.11109590000705793
screw_bag,C:\Users\User\Desktop\DefectRAG\data\mvtec_loco_ad\screw_bag\test\good\110.png,good,0,0.06162446737289429,7,3,0.0829922999982955
screw_bag,C:\Users\User\Desktop\DefectRAG\data\mvtec_loco_ad\screw_bag\test\good\111.png,good,0,0.08067286014556885,6,5,0.0947293999925023
screw_bag,C:\Users\User\Desktop\DefectRAG\data\mvtec_loco_ad\screw_bag\test\good\112.png,good,0,0.06979787349700928,5,5,0.08602699999755714
screw_bag,C:\Users\User\Desktop\DefectRAG\data\mvtec_loco_ad\screw_bag\test\good\113.png,good,0,0.07024538516998291,6,7,0.09760239999741316
screw_bag,C:\Users\User\Desktop\DefectRAG\data\mvtec_loco_ad\screw_bag\test\good\114.png,good,0,0.06878936290740967,5,6,0.09584920000634156
screw_bag,C:\Users\User\Desktop\DefectRAG\data\mvtec_loco_ad\screw_bag\test\good\115.png,good,0,0.06251692771911621,6,5,0.08940820000134408
screw_bag,C:\Users\User\Desktop\DefectRAG\data\mvtec_loco_ad\screw_bag\test\good\116.png,good,0,0.08984273672103882,10,3,0.08886619999248069
screw_bag,C:\Users\User\Desktop\DefectRAG\data\mvtec_loco_ad\screw_bag\test\good\117.png,good,0,0.06549763679504395,3,3,0.13225919999240432
screw_bag,C:\Users\User\Desktop\DefectRAG\data\mvtec_loco_ad\screw_bag\test\good\118.png,good,0,0.15214401483535767,4,4,0.07513460000336636
screw_bag,C:\Users\User\Desktop\DefectRAG\data\mvtec_loco_ad\screw_bag\test\good\119.png,good,0,0.06967216730117798,4,6,0.09264289999555331
screw_bag,C:\Users\User\Desktop\DefectRAG\data\mvtec_loco_ad\screw_bag\test\good\120.png,good,0,0.08440649509429932,2,8,0.09972500000731088
screw_bag,C:\Users\User\Desktop\DefectRAG\data\mvtec_loco_ad\screw_bag\test\good\121.png,good,0,0.12287318706512451,4,5,0.09799789999669883
screw_bag,C:\Users\User\Desktop\DefectRAG\data\mvtec_loco_ad\screw_bag\test\logical_anomalies\000.png,logical_anomalies,1,0.07103210687637329,6,5,0.09152610000455752
screw_bag,C:\Users\User\Desktop\DefectRAG\data\mvtec_loco_ad\screw_bag\test\logical_anomalies\001.png,logical_anomalies,1,0.08872556686401367,4,6,0.10516330000245944
screw_bag,C:\Users\User\Desktop\DefectRAG\data\mvtec_loco_ad\screw_bag\test\logical_anomalies\002.png,logical_anomalies,1,0.09863400459289551,8,9,0.0867452999955276
screw_bag,C:\Users\User\Desktop\DefectRAG\data\mvtec_loco_ad\screw_bag\test\logical_anomalies\003.png,logical_anomalies,1,0.0676005482673645,4,7,0.13462010001239832
screw_bag,C:\Users\User\Desktop\DefectRAG\data\mvtec_loco_ad\screw_bag\test\logical_anomalies\004.png,logical_anomalies,1,0.06027400493621826,7,6,0.0848371999891242
screw_bag,C:\Users\User\Desktop\DefectRAG\data\mvtec_loco_ad\screw_bag\test\logical_anomalies\005.png,logical_anomalies,1,0.08773839473724365,5,5,0.08975549999740906
screw_bag,C:\Users\User\Desktop\DefectRAG\data\mvtec_loco_ad\screw_bag\test\logical_anomalies\006.png,logical_anomalies,1,0.07252645492553711,3,5,0.09658110000600573
screw_bag,C:\Users\User\Desktop\DefectRAG\data\mvtec_loco_ad\screw_bag\test\logical_anomalies\007.png,logical_anomalies,1,0.09938740730285645,10,6,0.08478910000121687
screw_bag,C:\Users\User\Desktop\DefectRAG\data\mvtec_loco_ad\screw_bag\test\logical_anomalies\008.png,logical_anomalies,1,0.07381230592727661,3,6,0.10015990000101738
screw_bag,C:\Users\User\Desktop\DefectRAG\data\mvtec_loco_ad\screw_bag\test\logical_anomalies\009.png,logical_anomalies,1,0.08476996421813965,6,6,0.08663540000270586
screw_bag,C:\Users\User\Desktop\DefectRAG\data\mvtec_loco_ad\screw_bag\test\logical_anomalies\010.png,logical_anomalies,1,0.06425315141677856,6,5,0.10452020000957418
screw_bag,C:\Users\User\Desktop\DefectRAG\data\mvtec_loco_ad\screw_bag\test\logical_anomalies\011.png,logical_anomalies,1,0.06280457973480225,3,5,0.08397990000958089
screw_bag,C:\Users\User\Desktop\DefectRAG\data\mvtec_loco_ad\screw_bag\test\logical_anomalies\012.png,logical_anomalies,1,0.09529358148574829,5,9,0.09413199999835342
screw_bag,C:\Users\User\Desktop\DefectRAG\data\mvtec_loco_ad\screw_bag\test\logical_anomalies\013.png,logical_anomalies,1,0.06051135063171387,5,9,0.08539799999562092
screw_bag,C:\Users\User\Desktop\DefectRAG\data\mvtec_loco_ad\screw_bag\test\logical_anomalies\014.png,logical_anomalies,1,0.05624109506607056,6,4,0.09856369999761228
screw_bag,C:\Users\User\Desktop\DefectRAG\data\mvtec_loco_ad\screw_bag\test\logical_anomalies\015.png,logical_anomalies,1,0.07371461391448975,7,5,0.07304380000277888
screw_bag,C:\Users\User\Desktop\DefectRAG\data\mvtec_loco_ad\screw_bag\test\logical_anomalies\016.png,logical_anomalies,1,0.05499190092086792,7,6,0.07125609999638982
screw_bag,C:\Users\User\Desktop\DefectRAG\data\mvtec_loco_ad\screw_bag\test\logical_anomalies\017.png,logical_anomalies,1,0.09331542253494263,4,4,0.09204459999455139
screw_bag,C:\Users\User\Desktop\DefectRAG\data\mvtec_loco_ad\screw_bag\test\logical_anomalies\018.png,logical_anomalies,1,0.08426010608673096,10,6,0.07490479999978561
screw_bag,C:\Users\User\Desktop\DefectRAG\data\mvtec_loco_ad\screw_bag\test\logical_anomalies\019.png,logical_anomalies,1,0.09615236520767212,10,5,0.09199939999962226
screw_bag,C:\Users\User\Desktop\DefectRAG\data\mvtec_loco_ad\screw_bag\test\logical_anomalies\020.png,logical_anomalies,1,0.06266993284225464,6,7,0.08960569999180734
screw_bag,C:\Users\User\Desktop\DefectRAG\data\mvtec_loco_ad\screw_bag\test\logical_anomalies\021.png,logical_anomalies,1,0.1048896312713623,4,5,0.10220660000049975
screw_bag,C:\Users\User\Desktop\DefectRAG\data\mvtec_loco_ad\screw_bag\test\logical_anomalies\022.png,logical_anomalies,1,0.07488948106765747,5,5,0.07928669999819249
screw_bag,C:\Users\User\Desktop\DefectRAG\data\mvtec_loco_ad\screw_bag\test\logical_anomalies\023.png,logical_anomalies,1,0.07295572757720947,3,5,0.10515670001041144
screw_bag,C:\Users\User\Desktop\DefectRAG\data\mvtec_loco_ad\screw_bag\test\logical_anomalies\024.png,logical_anomalies,1,0.064200758934021,5,4,0.08362839999608696
screw_bag,C:\Users\User\Desktop\DefectRAG\data\mvtec_loco_ad\screw_bag\test\logical_anomalies\025.png,logical_anomalies,1,0.0610082745552063,9,7,0.09287759999278933
screw_bag,C:\Users\User\Desktop\DefectRAG\data\mvtec_loco_ad\screw_bag\test\logical_anomalies\026.png,logical_anomalies,1,0.09730857610702515,2,5,0.09195019998878706
screw_bag,C:\Users\User\Desktop\DefectRAG\data\mvtec_loco_ad\screw_bag\test\logical_anomalies\027.png,logical_anomalies,1,0.09882724285125732,1,5,0.09439500000735279
screw_bag,C:\Users\User\Desktop\DefectRAG\data\mvtec_loco_ad\screw_bag\test\logical_anomalies\028.png,logical_anomalies,1,0.07121598720550537,5,4,0.09056260000215843
screw_bag,C:\Users\User\Desktop\DefectRAG\data\mvtec_loco_ad\screw_bag\test\logical_anomalies\029.png,logical_anomalies,1,0.10691869258880615,3,3,0.0886560999933863
screw_bag,C:\Users\User\Desktop\DefectRAG\data\mvtec_loco_ad\screw_bag\test\logical_anomalies\030.png,logical_anomalies,1,0.06369322538375854,7,7,0.08665990000008605
screw_bag,C:\Users\User\Desktop\DefectRAG\data\mvtec_loco_ad\screw_bag\test\logical_anomalies\031.png,logical_anomalies,1,0.05731302499771118,6,5,0.07849110000825021
screw_bag,C:\Users\User\Desktop\DefectRAG\data\mvtec_loco_ad\screw_bag\test\logical_anomalies\032.png,logical_anomalies,1,0.06822174787521362,8,3,0.09392709999519866
screw_bag,C:\Users\User\Desktop\DefectRAG\data\mvtec_loco_ad\screw_bag\test\logical_anomalies\033.png,logical_anomalies,1,0.06817811727523804,8,4,0.08506539999507368
screw_bag,C:\Users\User\Desktop\DefectRAG\data\mvtec_loco_ad\screw_bag\test\logical_anomalies\034.png,logical_anomalies,1,0.08157080411911011,6,5,0.09255420000408776
screw_bag,C:\Users\User\Desktop\DefectRAG\data\mvtec_loco_ad\screw_bag\test\logical_anomalies\035.png,logical_anomalies,1,0.08598071336746216,5,5,0.10259950000909157
screw_bag,C:\Users\User\Desktop\DefectRAG\data\mvtec_loco_ad\screw_bag\test\logical_anomalies\036.png,logical_anomalies,1,0.07826298475265503,6,4,0.08192509999207687
screw_bag,C:\Users\User\Desktop\DefectRAG\data\mvtec_loco_ad\screw_bag\test\logical_anomalies\037.png,logical_anomalies,1,0.05906420946121216,5,6,0.0908484999963548
screw_bag,C:\Users\User\Desktop\DefectRAG\data\mvtec_loco_ad\screw_bag\test\logical_anomalies\038.png,logical_anomalies,1,0.0758633017539978,6,4,0.10489259999303613
screw_bag,C:\Users\User\Desktop\DefectRAG\data\mvtec_loco_ad\screw_bag\test\logical_anomalies\039.png,logical_anomalies,1,0.05836373567581177,5,5,0.0855230000015581
screw_bag,C:\Users\User\Desktop\DefectRAG\data\mvtec_loco_ad\screw_bag\test\logical_anomalies\040.png,logical_anomalies,1,0.07715308666229248,7,7,0.10580600000685081
screw_bag,C:\Users\User\Desktop\DefectRAG\data\mvtec_loco_ad\screw_bag\test\logical_anomalies\041.png,logical_anomalies,1,0.07451093196868896,3,7,0.08526669999992009
screw_bag,C:\Users\User\Desktop\DefectRAG\data\mvtec_loco_ad\screw_bag\test\logical_anomalies\042.png,logical_anomalies,1,0.08663797378540039,9,7,0.09119089999876451
screw_bag,C:\Users\User\Desktop\DefectRAG\data\mvtec_loco_ad\screw_bag\test\logical_anomalies\043.png,logical_anomalies,1,0.08154714107513428,6,5,0.09208110001054592
screw_bag,C:\Users\User\Desktop\DefectRAG\data\mvtec_loco_ad\screw_bag\test\logical_anomalies\044.png,logical_anomalies,1,0.09449517726898193,5,8,0.10459099999570753
screw_bag,C:\Users\User\Desktop\DefectRAG\data\mvtec_loco_ad\screw_bag\test\logical_anomalies\045.png,logical_anomalies,1,0.10893696546554565,3,3,0.09773249999852851
screw_bag,C:\Users\User\Desktop\DefectRAG\data\mvtec_loco_ad\screw_bag\test\logical_anomalies\046.png,logical_anomalies,1,0.08365052938461304,3,2,0.1105698999890592
screw_bag,C:\Users\User\Desktop\DefectRAG\data\mvtec_loco_ad\screw_bag\test\logical_anomalies\047.png,logical_anomalies,1,0.06752175092697144,5,4,0.08958960000018124
screw_bag,C:\Users\User\Desktop\DefectRAG\data\mvtec_loco_ad\screw_bag\test\logical_anomalies\048.png,logical_anomalies,1,0.08716416358947754,4,7,0.09429720000480302
screw_bag,C:\Users\User\Desktop\DefectRAG\data\mvtec_loco_ad\screw_bag\test\logical_anomalies\049.png,logical_anomalies,1,0.0855112075805664,5,2,0.08608739999181125
screw_bag,C:\Users\User\Desktop\DefectRAG\data\mvtec_loco_ad\screw_bag\test\logical_anomalies\050.png,logical_anomalies,1,0.09344607591629028,3,8,0.09812560000864323
screw_bag,C:\Users\User\Desktop\DefectRAG\data\mvtec_loco_ad\screw_bag\test\logical_anomalies\051.png,logical_anomalies,1,0.1018715500831604,3,5,0.0880823000043165
screw_bag,C:\Users\User\Desktop\DefectRAG\data\mvtec_loco_ad\screw_bag\test\logical_anomalies\052.png,logical_anomalies,1,0.10188394784927368,10,6,0.08303589999559335
screw_bag,C:\Users\User\Desktop\DefectRAG\data\mvtec_loco_ad\screw_bag\test\logical_anomalies\053.png,logical_anomalies,1,0.07275104522705078,5,5,0.08971909999672789
screw_bag,C:\Users\User\Desktop\DefectRAG\data\mvtec_loco_ad\screw_bag\test\logical_anomalies\054.png,logical_anomalies,1,0.07270586490631104,7,5,0.08990859999903478
screw_bag,C:\Users\User\Desktop\DefectRAG\data\mvtec_loco_ad\screw_bag\test\logical_anomalies\055.png,logical_anomalies,1,0.0757341980934143,6,4,0.09382759999425616
screw_bag,C:\Users\User\Desktop\DefectRAG\data\mvtec_loco_ad\screw_bag\test\logical_anomalies\056.png,logical_anomalies,1,0.06294280290603638,6,4,0.09894349999376573
screw_bag,C:\Users\User\Desktop\DefectRAG\data\mvtec_loco_ad\screw_bag\test\logical_anomalies\057.png,logical_anomalies,1,0.06643277406692505,5,3,0.09209759999066591
screw_bag,C:\Users\User\Desktop\DefectRAG\data\mvtec_loco_ad\screw_bag\test\logical_anomalies\058.png,logical_anomalies,1,0.07708722352981567,4,5,0.0890648000058718
screw_bag,C:\Users\User\Desktop\DefectRAG\data\mvtec_loco_ad\screw_bag\test\logical_anomalies\059.png,logical_anomalies,1,0.06453865766525269,8,2,0.10032040000078268
screw_bag,C:\Users\User\Desktop\DefectRAG\data\mvtec_loco_ad\screw_bag\test\logical_anomalies\060.png,logical_anomalies,1,0.07886606454849243,4,5,0.07968670000263955
screw_bag,C:\Users\User\Desktop\DefectRAG\data\mvtec_loco_ad\screw_bag\test\logical_anomalies\061.png,logical_anomalies,1,0.06579470634460449,6,8,0.09583080001175404
screw_bag,C:\Users\User\Desktop\DefectRAG\data\mvtec_loco_ad\screw_bag\test\logical_anomalies\062.png,logical_anomalies,1,0.07093262672424316,10,7,0.10144009999930859
screw_bag,C:\Users\User\Desktop\DefectRAG\data\mvtec_loco_ad\screw_bag\test\logical_anomalies\063.png,logical_anomalies,1,0.07808977365493774,6,6,0.09187920000113081
screw_bag,C:\Users\User\Desktop\DefectRAG\data\mvtec_loco_ad\screw_bag\test\logical_anomalies\064.png,logical_anomalies,1,0.08869659900665283,4,9,0.09042649999901187
screw_bag,C:\Users\User\Desktop\DefectRAG\data\mvtec_loco_ad\screw_bag\test\logical_anomalies\065.png,logical_anomalies,1,0.08939337730407715,6,9,0.08378549999906681
screw_bag,C:\Users\User\Desktop\DefectRAG\data\mvtec_loco_ad\screw_bag\test\logical_anomalies\066.png,logical_anomalies,1,0.08310091495513916,6,3,0.08566480000445154
screw_bag,C:\Users\User\Desktop\DefectRAG\data\mvtec_loco_ad\screw_bag\test\logical_anomalies\067.png,logical_anomalies,1,0.08703303337097168,7,5,0.09659380000084639
screw_bag,C:\Users\User\Desktop\DefectRAG\data\mvtec_loco_ad\screw_bag\test\logical_anomalies\068.png,logical_anomalies,1,0.11735039949417114,3,5,0.0900783999968553
screw_bag,C:\Users\User\Desktop\DefectRAG\data\mvtec_loco_ad\screw_bag\test\logical_anomalies\069.png,logical_anomalies,1,0.07398712635040283,6,7,0.09034350000729319
screw_bag,C:\Users\User\Desktop\DefectRAG\data\mvtec_loco_ad\screw_bag\test\logical_anomalies\070.png,logical_anomalies,1,0.15031903982162476,8,8,0.09259620000375435
screw_bag,C:\Users\User\Desktop\DefectRAG\data\mvtec_loco_ad\screw_bag\test\logical_anomalies\071.png,logical_anomalies,1,0.06190544366836548,5,6,0.0866334000020288
screw_bag,C:\Users\User\Desktop\DefectRAG\data\mvtec_loco_ad\screw_bag\test\logical_anomalies\072.png,logical_anomalies,1,0.0706983208656311,7,7,0.0930540999979712
screw_bag,C:\Users\User\Desktop\DefectRAG\data\mvtec_loco_ad\screw_bag\test\logical_anomalies\073.png,logical_anomalies,1,0.0704195499420166,6,4,0.07321270000829827
screw_bag,C:\Users\User\Desktop\DefectRAG\data\mvtec_loco_ad\screw_bag\test\logical_anomalies\074.png,logical_anomalies,1,0.1238248348236084,6,4,0.07500240000081249
screw_bag,C:\Users\User\Desktop\DefectRAG\data\mvtec_loco_ad\screw_bag\test\logical_anomalies\075.png,logical_anomalies,1,0.06846845149993896,8,4,0.1036788999917917
screw_bag,C:\Users\User\Desktop\DefectRAG\data\mvtec_loco_ad\screw_bag\test\logical_anomalies\076.png,logical_anomalies,1,0.09174323081970215,3,9,0.09466979998978786
screw_bag,C:\Users\User\Desktop\DefectRAG\data\mvtec_loco_ad\screw_bag\test\logical_anomalies\077.png,logical_anomalies,1,0.06155550479888916,4,11,0.08034989998850506
screw_bag,C:\Users\User\Desktop\DefectRAG\data\mvtec_loco_ad\screw_bag\test\logical_anomalies\078.png,logical_anomalies,1,0.10983127355575562,9,8,0.09358010000141803
screw_bag,C:\Users\User\Desktop\DefectRAG\data\mvtec_loco_ad\screw_bag\test\logical_anomalies\079.png,logical_anomalies,1,0.07269030809402466,5,6,0.08710489999793936
screw_bag,C:\Users\User\Desktop\DefectRAG\data\mvtec_loco_ad\screw_bag\test\logical_anomalies\080.png,logical_anomalies,1,0.056941986083984375,4,8,0.09241209999890998
screw_bag,C:\Users\User\Desktop\DefectRAG\data\mvtec_loco_ad\screw_bag\test\logical_anomalies\081.png,logical_anomalies,1,0.07078289985656738,8,5,0.09211460000369698
screw_bag,C:\Users\User\Desktop\DefectRAG\data\mvtec_loco_ad\screw_bag\test\logical_anomalies\082.png,logical_anomalies,1,0.06729292869567871,10,6,0.10428070000489242
screw_bag,C:\Users\User\Desktop\DefectRAG\data\mvtec_loco_ad\screw_bag\test\logical_anomalies\083.png,logical_anomalies,1,0.06188303232192993,7,4,0.09313850000035018
screw_bag,C:\Users\User\Desktop\DefectRAG\data\mvtec_loco_ad\screw_bag\test\logical_anomalies\084.png,logical_anomalies,1,0.0723305344581604,8,4,0.09559539999463595
screw_bag,C:\Users\User\Desktop\DefectRAG\data\mvtec_loco_ad\screw_bag\test\logical_anomalies\085.png,logical_anomalies,1,0.07761019468307495,7,9,0.10522840000339784
screw_bag,C:\Users\User\Desktop\DefectRAG\data\mvtec_loco_ad\screw_bag\test\logical_anomalies\086.png,logical_anomalies,1,0.07225167751312256,9,3,0.1073127999989083
screw_bag,C:\Users\User\Desktop\DefectRAG\data\mvtec_loco_ad\screw_bag\test\logical_anomalies\087.png,logical_anomalies,1,0.09374964237213135,8,4,0.07928079999692272
screw_bag,C:\Users\User\Desktop\DefectRAG\data\mvtec_loco_ad\screw_bag\test\logical_anomalies\088.png,logical_anomalies,1,0.10817891359329224,9,6,0.08826530000078492
screw_bag,C:\Users\User\Desktop\DefectRAG\data\mvtec_loco_ad\screw_bag\test\logical_anomalies\089.png,logical_anomalies,1,0.07527196407318115,7,6,0.11350329998822417
screw_bag,C:\Users\User\Desktop\DefectRAG\data\mvtec_loco_ad\screw_bag\test\logical_anomalies\090.png,logical_anomalies,1,0.08492392301559448,5,7,0.09391970001161098
screw_bag,C:\Users\User\Desktop\DefectRAG\data\mvtec_loco_ad\screw_bag\test\logical_anomalies\091.png,logical_anomalies,1,0.07463842630386353,9,6,0.10393769999791402
screw_bag,C:\Users\User\Desktop\DefectRAG\data\mvtec_loco_ad\screw_bag\test\logical_anomalies\092.png,logical_anomalies,1,0.07860106229782104,10,4,0.10764950000157114
screw_bag,C:\Users\User\Desktop\DefectRAG\data\mvtec_loco_ad\screw_bag\test\logical_anomalies\093.png,logical_anomalies,1,0.08990556001663208,2,2,0.09689250000519678
screw_bag,C:\Users\User\Desktop\DefectRAG\data\mvtec_loco_ad\screw_bag\test\logical_anomalies\094.png,logical_anomalies,1,0.09784853458404541,4,3,0.09148079999431502
screw_bag,C:\Users\User\Desktop\DefectRAG\data\mvtec_loco_ad\screw_bag\test\logical_anomalies\095.png,logical_anomalies,1,0.06948548555374146,7,5,0.09866760000295471
screw_bag,C:\Users\User\Desktop\DefectRAG\data\mvtec_loco_ad\screw_bag\test\logical_anomalies\096.png,logical_anomalies,1,0.08410370349884033,7,5,0.094973300001584
screw_bag,C:\Users\User\Desktop\DefectRAG\data\mvtec_loco_ad\screw_bag\test\logical_anomalies\097.png,logical_anomalies,1,0.0876118540763855,6,7,0.09643989999312907
screw_bag,C:\Users\User\Desktop\DefectRAG\data\mvtec_loco_ad\screw_bag\test\logical_anomalies\098.png,logical_anomalies,1,0.10214757919311523,4,9,0.08504920000268612
screw_bag,C:\Users\User\Desktop\DefectRAG\data\mvtec_loco_ad\screw_bag\test\logical_anomalies\099.png,logical_anomalies,1,0.08333265781402588,9,6,0.08503260000725277
screw_bag,C:\Users\User\Desktop\DefectRAG\data\mvtec_loco_ad\screw_bag\test\logical_anomalies\100.png,logical_anomalies,1,0.07246267795562744,7,5,0.09383019999950193
screw_bag,C:\Users\User\Desktop\DefectRAG\data\mvtec_loco_ad\screw_bag\test\logical_anomalies\101.png,logical_anomalies,1,0.06803011894226074,6,8,0.11435279999568593
screw_bag,C:\Users\User\Desktop\DefectRAG\data\mvtec_loco_ad\screw_bag\test\logical_anomalies\102.png,logical_anomalies,1,0.07951188087463379,3,4,0.08739169999898877
screw_bag,C:\Users\User\Desktop\DefectRAG\data\mvtec_loco_ad\screw_bag\test\logical_anomalies\103.png,logical_anomalies,1,0.08931010961532593,3,5,0.08549260000290815
screw_bag,C:\Users\User\Desktop\DefectRAG\data\mvtec_loco_ad\screw_bag\test\logical_anomalies\104.png,logical_anomalies,1,0.09204167127609253,5,7,0.09249139999155886
screw_bag,C:\Users\User\Desktop\DefectRAG\data\mvtec_loco_ad\screw_bag\test\logical_anomalies\105.png,logical_anomalies,1,0.07441955804824829,6,4,0.09092529999907129
screw_bag,C:\Users\User\Desktop\DefectRAG\data\mvtec_loco_ad\screw_bag\test\logical_anomalies\106.png,logical_anomalies,1,0.07513248920440674,5,4,0.09146419999888167
screw_bag,C:\Users\User\Desktop\DefectRAG\data\mvtec_loco_ad\screw_bag\test\logical_anomalies\107.png,logical_anomalies,1,0.06285125017166138,7,2,0.1064419999893289
screw_bag,C:\Users\User\Desktop\DefectRAG\data\mvtec_loco_ad\screw_bag\test\logical_anomalies\108.png,logical_anomalies,1,0.08156293630599976,3,7,0.08893819998775143
screw_bag,C:\Users\User\Desktop\DefectRAG\data\mvtec_loco_ad\screw_bag\test\logical_anomalies\109.png,logical_anomalies,1,0.07328188419342041,6,6,0.07679890000144951
screw_bag,C:\Users\User\Desktop\DefectRAG\data\mvtec_loco_ad\screw_bag\test\logical_anomalies\110.png,logical_anomalies,1,0.08122432231903076,6,6,0.08972049999283627
screw_bag,C:\Users\User\Desktop\DefectRAG\data\mvtec_loco_ad\screw_bag\test\logical_anomalies\111.png,logical_anomalies,1,0.07328218221664429,8,4,0.09307030000491068
screw_bag,C:\Users\User\Desktop\DefectRAG\data\mvtec_loco_ad\screw_bag\test\logical_anomalies\112.png,logical_anomalies,1,0.08707600831985474,8,3,0.09388029998808634
screw_bag,C:\Users\User\Desktop\DefectRAG\data\mvtec_loco_ad\screw_bag\test\logical_anomalies\113.png,logical_anomalies,1,0.06641817092895508,3,8,0.08906149999529589
screw_bag,C:\Users\User\Desktop\DefectRAG\data\mvtec_loco_ad\screw_bag\test\logical_anomalies\114.png,logical_anomalies,1,0.08982306718826294,7,9,0.09569010000268463
screw_bag,C:\Users\User\Desktop\DefectRAG\data\mvtec_loco_ad\screw_bag\test\logical_anomalies\115.png,logical_anomalies,1,0.056731224060058594,7,6,0.08851570000115316
screw_bag,C:\Users\User\Desktop\DefectRAG\data\mvtec_loco_ad\screw_bag\test\logical_anomalies\116.png,logical_anomalies,1,0.0637860894203186,8,7,0.08938910000142641
screw_bag,C:\Users\User\Desktop\DefectRAG\data\mvtec_loco_ad\screw_bag\test\logical_anomalies\117.png,logical_anomalies,1,0.06898033618927002,2,3,0.09144270000979304
screw_bag,C:\Users\User\Desktop\DefectRAG\data\mvtec_loco_ad\screw_bag\test\logical_anomalies\118.png,logical_anomalies,1,0.0872153639793396,3,8,0.09812319999036845
screw_bag,C:\Users\User\Desktop\DefectRAG\data\mvtec_loco_ad\screw_bag\test\logical_anomalies\119.png,logical_anomalies,1,0.06866621971130371,6,3,0.09451549999357667
screw_bag,C:\Users\User\Desktop\DefectRAG\data\mvtec_loco_ad\screw_bag\test\logical_anomalies\120.png,logical_anomalies,1,0.07903224229812622,9,5,0.0935167999996338
screw_bag,C:\Users\User\Desktop\DefectRAG\data\mvtec_loco_ad\screw_bag\test\logical_anomalies\121.png,logical_anomalies,1,0.06676799058914185,3,4,0.10270849999506027
screw_bag,C:\Users\User\Desktop\DefectRAG\data\mvtec_loco_ad\screw_bag\test\logical_anomalies\122.png,logical_anomalies,1,0.07882386445999146,6,5,0.09343969999463297
screw_bag,C:\Users\User\Desktop\DefectRAG\data\mvtec_loco_ad\screw_bag\test\logical_anomalies\123.png,logical_anomalies,1,0.06777071952819824,6,4,0.10086710000177845
screw_bag,C:\Users\User\Desktop\DefectRAG\data\mvtec_loco_ad\screw_bag\test\logical_anomalies\124.png,logical_anomalies,1,0.07532042264938354,5,7,0.09497530000226106
screw_bag,C:\Users\User\Desktop\DefectRAG\data\mvtec_loco_ad\screw_bag\test\logical_anomalies\125.png,logical_anomalies,1,0.14532935619354248,4,7,0.09567509999033064
screw_bag,C:\Users\User\Desktop\DefectRAG\data\mvtec_loco_ad\screw_bag\test\logical_anomalies\126.png,logical_anomalies,1,0.06491351127624512,6,8,0.10002549999626353
screw_bag,C:\Users\User\Desktop\DefectRAG\data\mvtec_loco_ad\screw_bag\test\logical_anomalies\127.png,logical_anomalies,1,0.05819976329803467,7,4,0.09523779999290127
screw_bag,C:\Users\User\Desktop\DefectRAG\data\mvtec_loco_ad\screw_bag\test\logical_anomalies\128.png,logical_anomalies,1,0.07507133483886719,5,5,0.08452989999204874
screw_bag,C:\Users\User\Desktop\DefectRAG\data\mvtec_loco_ad\screw_bag\test\logical_anomalies\129.png,logical_anomalies,1,0.059315502643585205,6,5,0.0936651000083657
screw_bag,C:\Users\User\Desktop\DefectRAG\data\mvtec_loco_ad\screw_bag\test\logical_anomalies\130.png,logical_anomalies,1,0.05976986885070801,9,5,0.11190990000613965
screw_bag,C:\Users\User\Desktop\DefectRAG\data\mvtec_loco_ad\screw_bag\test\logical_anomalies\131.png,logical_anomalies,1,0.06979578733444214,4,4,0.08103319999645464
screw_bag,C:\Users\User\Desktop\DefectRAG\data\mvtec_loco_ad\screw_bag\test\logical_anomalies\132.png,logical_anomalies,1,0.08296144008636475,6,2,0.099782100005541
screw_bag,C:\Users\User\Desktop\DefectRAG\data\mvtec_loco_ad\screw_bag\test\logical_anomalies\133.png,logical_anomalies,1,0.07690340280532837,3,12,0.09346039999218192
screw_bag,C:\Users\User\Desktop\DefectRAG\data\mvtec_loco_ad\screw_bag\test\logical_anomalies\134.png,logical_anomalies,1,0.08481425046920776,6,7,0.09068559999286663
screw_bag,C:\Users\User\Desktop\DefectRAG\data\mvtec_loco_ad\screw_bag\test\logical_anomalies\135.png,logical_anomalies,1,0.0746811032295227,7,7,0.09596819999569561
screw_bag,C:\Users\User\Desktop\DefectRAG\data\mvtec_loco_ad\screw_bag\test\logical_anomalies\136.png,logical_anomalies,1,0.06964963674545288,8,6,0.10023009999713395
screw_bag,C:\Users\User\Desktop\DefectRAG\data\mvtec_loco_ad\screw_bag\test\structural_anomalies\000.png,structural_anomalies,1,0.1105116605758667,5,6,0.10490620000928175
screw_bag,C:\Users\User\Desktop\DefectRAG\data\mvtec_loco_ad\screw_bag\test\structural_anomalies\001.png,structural_anomalies,1,0.09221988916397095,4,9,0.09425540000665933
screw_bag,C:\Users\User\Desktop\DefectRAG\data\mvtec_loco_ad\screw_bag\test\structural_anomalies\002.png,structural_anomalies,1,0.10087484121322632,7,1,0.0963049999991199
screw_bag,C:\Users\User\Desktop\DefectRAG\data\mvtec_loco_ad\screw_bag\test\structural_anomalies\003.png,structural_anomalies,1,0.11612957715988159,6,5,0.09598100000584964
screw_bag,C:\Users\User\Desktop\DefectRAG\data\mvtec_loco_ad\screw_bag\test\structural_anomalies\004.png,structural_anomalies,1,0.08443373441696167,5,6,0.09471759998996276
screw_bag,C:\Users\User\Desktop\DefectRAG\data\mvtec_loco_ad\screw_bag\test\structural_anomalies\005.png,structural_anomalies,1,0.08842778205871582,1,2,0.09560160001274198
screw_bag,C:\Users\User\Desktop\DefectRAG\data\mvtec_loco_ad\screw_bag\test\structural_anomalies\006.png,structural_anomalies,1,0.13416528701782227,3,5,0.09353880000708159
screw_bag,C:\Users\User\Desktop\DefectRAG\data\mvtec_loco_ad\screw_bag\test\structural_anomalies\007.png,structural_anomalies,1,0.08774429559707642,7,5,0.09828269999707118
screw_bag,C:\Users\User\Desktop\DefectRAG\data\mvtec_loco_ad\screw_bag\test\structural_anomalies\008.png,structural_anomalies,1,0.08953112363815308,11,6,0.07833459999528714
screw_bag,C:\Users\User\Desktop\DefectRAG\data\mvtec_loco_ad\screw_bag\test\structural_anomalies\009.png,structural_anomalies,1,0.0793687105178833,6,1,0.10379789999569766
screw_bag,C:\Users\User\Desktop\DefectRAG\data\mvtec_loco_ad\screw_bag\test\structural_anomalies\010.png,structural_anomalies,1,0.09937053918838501,5,9,0.09581720001006033
screw_bag,C:\Users\User\Desktop\DefectRAG\data\mvtec_loco_ad\screw_bag\test\structural_anomalies\011.png,structural_anomalies,1,0.1393166184425354,6,6,0.09296290000202134
screw_bag,C:\Users\User\Desktop\DefectRAG\data\mvtec_loco_ad\screw_bag\test\structural_anomalies\012.png,structural_anomalies,1,0.0824817419052124,5,2,0.07991770000080578
screw_bag,C:\Users\User\Desktop\DefectRAG\data\mvtec_loco_ad\screw_bag\test\structural_anomalies\013.png,structural_anomalies,1,0.08351385593414307,1,4,0.09587099999771453
screw_bag,C:\Users\User\Desktop\DefectRAG\data\mvtec_loco_ad\screw_bag\test\structural_anomalies\014.png,structural_anomalies,1,0.09146708250045776,6,6,0.0927640000008978
screw_bag,C:\Users\User\Desktop\DefectRAG\data\mvtec_loco_ad\screw_bag\test\structural_anomalies\015.png,structural_anomalies,1,0.07980078458786011,5,10,0.09785430000920314
screw_bag,C:\Users\User\Desktop\DefectRAG\data\mvtec_loco_ad\screw_bag\test\structural_anomalies\016.png,structural_anomalies,1,0.09497052431106567,3,10,0.10868069999560248
screw_bag,C:\Users\User\Desktop\DefectRAG\data\mvtec_loco_ad\screw_bag\test\structural_anomalies\017.png,structural_anomalies,1,0.07673829793930054,4,2,0.09651570000278298
screw_bag,C:\Users\User\Desktop\DefectRAG\data\mvtec_loco_ad\screw_bag\test\structural_anomalies\018.png,structural_anomalies,1,0.09876859188079834,8,5,0.09702699999616016
screw_bag,C:\Users\User\Desktop\DefectRAG\data\mvtec_loco_ad\screw_bag\test\structural_anomalies\019.png,structural_anomalies,1,0.10186296701431274,4,8,0.0903705000091577
screw_bag,C:\Users\User\Desktop\DefectRAG\data\mvtec_loco_ad\screw_bag\test\structural_anomalies\020.png,structural_anomalies,1,0.07295143604278564,8,6,0.08978929999284446
screw_bag,C:\Users\User\Desktop\DefectRAG\data\mvtec_loco_ad\screw_bag\test\structural_anomalies\021.png,structural_anomalies,1,0.07719194889068604,6,5,0.10099380000610836
screw_bag,C:\Users\User\Desktop\DefectRAG\data\mvtec_loco_ad\screw_bag\test\structural_anomalies\022.png,structural_anomalies,1,0.10021567344665527,8,5,0.09161280000989791
screw_bag,C:\Users\User\Desktop\DefectRAG\data\mvtec_loco_ad\screw_bag\test\structural_anomalies\023.png,structural_anomalies,1,0.09143519401550293,5,4,0.09501550000277348
screw_bag,C:\Users\User\Desktop\DefectRAG\data\mvtec_loco_ad\screw_bag\test\structural_anomalies\024.png,structural_anomalies,1,0.07873523235321045,5,5,0.08559560000139754
screw_bag,C:\Users\User\Desktop\DefectRAG\data\mvtec_loco_ad\screw_bag\test\structural_anomalies\025.png,structural_anomalies,1,0.09252458810806274,9,5,0.09625319999759085
screw_bag,C:\Users\User\Desktop\DefectRAG\data\mvtec_loco_ad\screw_bag\test\structural_anomalies\026.png,structural_anomalies,1,0.08752566576004028,8,4,0.07470900000771508
screw_bag,C:\Users\User\Desktop\DefectRAG\data\mvtec_loco_ad\screw_bag\test\structural_anomalies\027.png,structural_anomalies,1,0.09501969814300537,5,5,0.0941644999984419
screw_bag,C:\Users\User\Desktop\DefectRAG\data\mvtec_loco_ad\screw_bag\test\structural_anomalies\028.png,structural_anomalies,1,0.07936674356460571,5,7,0.08570379999582656
screw_bag,C:\Users\User\Desktop\DefectRAG\data\mvtec_loco_ad\screw_bag\test\structural_anomalies\029.png,structural_anomalies,1,0.11696362495422363,11,8,0.09456480000517331
screw_bag,C:\Users\User\Desktop\DefectRAG\data\mvtec_loco_ad\screw_bag\test\structural_anomalies\030.png,structural_anomalies,1,0.06764984130859375,4,4,0.08893240000179503
screw_bag,C:\Users\User\Desktop\DefectRAG\data\mvtec_loco_ad\screw_bag\test\structural_anomalies\031.png,structural_anomalies,1,0.07697749137878418,2,5,0.09874390000186395
screw_bag,C:\Users\User\Desktop\DefectRAG\data\mvtec_loco_ad\screw_bag\test\structural_anomalies\032.png,structural_anomalies,1,0.07844942808151245,6,4,0.08728809999593068
screw_bag,C:\Users\User\Desktop\DefectRAG\data\mvtec_loco_ad\screw_bag\test\structural_anomalies\033.png,structural_anomalies,1,0.08465397357940674,4,8,0.10793189999822062
screw_bag,C:\Users\User\Desktop\DefectRAG\data\mvtec_loco_ad\screw_bag\test\structural_anomalies\034.png,structural_anomalies,1,0.08590936660766602,4,4,0.08476139999402221
screw_bag,C:\Users\User\Desktop\DefectRAG\data\mvtec_loco_ad\screw_bag\test\structural_anomalies\035.png,structural_anomalies,1,0.09284067153930664,7,4,0.09245260000170674
screw_bag,C:\Users\User\Desktop\DefectRAG\data\mvtec_loco_ad\screw_bag\test\structural_anomalies\036.png,structural_anomalies,1,0.06627827882766724,5,7,0.08924139999726322
screw_bag,C:\Users\User\Desktop\DefectRAG\data\mvtec_loco_ad\screw_bag\test\structural_anomalies\037.png,structural_anomalies,1,0.07185566425323486,5,7,0.1089674999966519
screw_bag,C:\Users\User\Desktop\DefectRAG\data\mvtec_loco_ad\screw_bag\test\structural_anomalies\038.png,structural_anomalies,1,0.0864214301109314,3,7,0.09235140000237152
screw_bag,C:\Users\User\Desktop\DefectRAG\data\mvtec_loco_ad\screw_bag\test\structural_anomalies\039.png,structural_anomalies,1,0.08270418643951416,9,7,0.0919885999901453
screw_bag,C:\Users\User\Desktop\DefectRAG\data\mvtec_loco_ad\screw_bag\test\structural_anomalies\040.png,structural_anomalies,1,0.10946518182754517,6,5,0.0897421999979997
screw_bag,C:\Users\User\Desktop\DefectRAG\data\mvtec_loco_ad\screw_bag\test\structural_anomalies\041.png,structural_anomalies,1,0.07604819536209106,6,4,0.09524709999095649
screw_bag,C:\Users\User\Desktop\DefectRAG\data\mvtec_loco_ad\screw_bag\test\structural_anomalies\042.png,structural_anomalies,1,0.0762140154838562,6,8,0.09505010000430048
screw_bag,C:\Users\User\Desktop\DefectRAG\data\mvtec_loco_ad\screw_bag\test\structural_anomalies\043.png,structural_anomalies,1,0.09471356868743896,8,3,0.11377699999138713
screw_bag,C:\Users\User\Desktop\DefectRAG\data\mvtec_loco_ad\screw_bag\test\structural_anomalies\044.png,structural_anomalies,1,0.11202621459960938,2,2,0.08264039999630768
screw_bag,C:\Users\User\Desktop\DefectRAG\data\mvtec_loco_ad\screw_bag\test\structural_anomalies\045.png,structural_anomalies,1,0.08731037378311157,5,4,0.07986820000223815
screw_bag,C:\Users\User\Desktop\DefectRAG\data\mvtec_loco_ad\screw_bag\test\structural_anomalies\046.png,structural_anomalies,1,0.08771705627441406,6,6,0.09085770000820048
screw_bag,C:\Users\User\Desktop\DefectRAG\data\mvtec_loco_ad\screw_bag\test\structural_anomalies\047.png,structural_anomalies,1,0.11182081699371338,6,9,0.09114429999317508
screw_bag,C:\Users\User\Desktop\DefectRAG\data\mvtec_loco_ad\screw_bag\test\structural_anomalies\048.png,structural_anomalies,1,0.06434464454650879,9,6,0.08566620000055991
screw_bag,C:\Users\User\Desktop\DefectRAG\data\mvtec_loco_ad\screw_bag\test\structural_anomalies\049.png,structural_anomalies,1,0.07942008972167969,9,5,0.08792579999135341
screw_bag,C:\Users\User\Desktop\DefectRAG\data\mvtec_loco_ad\screw_bag\test\structural_anomalies\050.png,structural_anomalies,1,0.11322832107543945,3,2,0.08687110000755638
screw_bag,C:\Users\User\Desktop\DefectRAG\data\mvtec_loco_ad\screw_bag\test\structural_anomalies\051.png,structural_anomalies,1,0.08152896165847778,7,3,0.1015800000022864
screw_bag,C:\Users\User\Desktop\DefectRAG\data\mvtec_loco_ad\screw_bag\test\structural_anomalies\052.png,structural_anomalies,1,0.08784782886505127,3,2,0.08529570000246167
screw_bag,C:\Users\User\Desktop\DefectRAG\data\mvtec_loco_ad\screw_bag\test\structural_anomalies\053.png,structural_anomalies,1,0.10355937480926514,8,8,0.10335900000063702
screw_bag,C:\Users\User\Desktop\DefectRAG\data\mvtec_loco_ad\screw_bag\test\structural_anomalies\054.png,structural_anomalies,1,0.0915292501449585,5,4,0.09286080001038499
screw_bag,C:\Users\User\Desktop\DefectRAG\data\mvtec_loco_ad\screw_bag\test\structural_anomalies\055.png,structural_anomalies,1,0.0948668122291565,7,1,0.09534080000594258
screw_bag,C:\Users\User\Desktop\DefectRAG\data\mvtec_loco_ad\screw_bag\test\structural_anomalies\056.png,structural_anomalies,1,0.08201396465301514,9,3,0.09056609999970533
screw_bag,C:\Users\User\Desktop\DefectRAG\data\mvtec_loco_ad\screw_bag\test\structural_anomalies\057.png,structural_anomalies,1,0.14636051654815674,7,8,0.11433220001345035
screw_bag,C:\Users\User\Desktop\DefectRAG\data\mvtec_loco_ad\screw_bag\test\structural_anomalies\058.png,structural_anomalies,1,0.10531675815582275,9,8,0.0829678000009153
screw_bag,C:\Users\User\Desktop\DefectRAG\data\mvtec_loco_ad\screw_bag\test\structural_anomalies\059.png,structural_anomalies,1,0.08229327201843262,9,6,0.09947410000313539
screw_bag,C:\Users\User\Desktop\DefectRAG\data\mvtec_loco_ad\screw_bag\test\structural_anomalies\060.png,structural_anomalies,1,0.11232537031173706,7,6,0.08730160001141485
screw_bag,C:\Users\User\Desktop\DefectRAG\data\mvtec_loco_ad\screw_bag\test\structural_anomalies\061.png,structural_anomalies,1,0.16597557067871094,8,2,0.09489550000580493
screw_bag,C:\Users\User\Desktop\DefectRAG\data\mvtec_loco_ad\screw_bag\test\structural_anomalies\062.png,structural_anomalies,1,0.06871271133422852,7,4,0.0807487999991281
screw_bag,C:\Users\User\Desktop\DefectRAG\data\mvtec_loco_ad\screw_bag\test\structural_anomalies\063.png,structural_anomalies,1,0.1826554536819458,5,6,0.0835644000035245
screw_bag,C:\Users\User\Desktop\DefectRAG\data\mvtec_loco_ad\screw_bag\test\structural_anomalies\064.png,structural_anomalies,1,0.07327300310134888,4,8,0.10448809999797959
screw_bag,C:\Users\User\Desktop\DefectRAG\data\mvtec_loco_ad\screw_bag\test\structural_anomalies\065.png,structural_anomalies,1,0.08048176765441895,3,5,0.10095930000534281
screw_bag,C:\Users\User\Desktop\DefectRAG\data\mvtec_loco_ad\screw_bag\test\structural_anomalies\066.png,structural_anomalies,1,0.08987903594970703,7,4,0.12468160000571515
screw_bag,C:\Users\User\Desktop\DefectRAG\data\mvtec_loco_ad\screw_bag\test\structural_anomalies\067.png,structural_anomalies,1,0.10357457399368286,8,7,0.09119490000011865
screw_bag,C:\Users\User\Desktop\DefectRAG\data\mvtec_loco_ad\screw_bag\test\structural_anomalies\068.png,structural_anomalies,1,0.11506259441375732,10,6,0.08157819999905769
screw_bag,C:\Users\User\Desktop\DefectRAG\data\mvtec_loco_ad\screw_bag\test\structural_anomalies\069.png,structural_anomalies,1,0.10006403923034668,7,5,0.08978199999546632
screw_bag,C:\Users\User\Desktop\DefectRAG\data\mvtec_loco_ad\screw_bag\test\structural_anomalies\070.png,structural_anomalies,1,0.07559669017791748,4,3,0.07642630000191275
screw_bag,C:\Users\User\Desktop\DefectRAG\data\mvtec_loco_ad\screw_bag\test\structural_anomalies\071.png,structural_anomalies,1,0.07398784160614014,5,2,0.09474220000265632
screw_bag,C:\Users\User\Desktop\DefectRAG\data\mvtec_loco_ad\screw_bag\test\structural_anomalies\072.png,structural_anomalies,1,0.1250678300857544,4,7,0.07781669999531005
screw_bag,C:\Users\User\Desktop\DefectRAG\data\mvtec_loco_ad\screw_bag\test\structural_anomalies\073.png,structural_anomalies,1,0.17243993282318115,9,7,0.0916914999979781
screw_bag,C:\Users\User\Desktop\DefectRAG\data\mvtec_loco_ad\screw_bag\test\structural_anomalies\074.png,structural_anomalies,1,0.11012417078018188,7,5,0.0888489000062691
screw_bag,C:\Users\User\Desktop\DefectRAG\data\mvtec_loco_ad\screw_bag\test\structural_anomalies\075.png,structural_anomalies,1,0.16997426748275757,6,7,0.09553750000486616
screw_bag,C:\Users\User\Desktop\DefectRAG\data\mvtec_loco_ad\screw_bag\test\structural_anomalies\076.png,structural_anomalies,1,0.124630868434906,4,8,0.09751930000493303
screw_bag,C:\Users\User\Desktop\DefectRAG\data\mvtec_loco_ad\screw_bag\test\structural_anomalies\077.png,structural_anomalies,1,0.09293216466903687,9,2,0.11190160000114702
screw_bag,C:\Users\User\Desktop\DefectRAG\data\mvtec_loco_ad\screw_bag\test\structural_anomalies\078.png,structural_anomalies,1,0.14925163984298706,4,6,0.08852160000242293
screw_bag,C:\Users\User\Desktop\DefectRAG\data\mvtec_loco_ad\screw_bag\test\structural_anomalies\079.png,structural_anomalies,1,0.08152705430984497,4,2,0.10404089999792632
screw_bag,C:\Users\User\Desktop\DefectRAG\data\mvtec_loco_ad\screw_bag\test\structural_anomalies\080.png,structural_anomalies,1,0.09496968984603882,4,9,0.0777284000068903
screw_bag,C:\Users\User\Desktop\DefectRAG\data\mvtec_loco_ad\screw_bag\test\structural_anomalies\081.png,structural_anomalies,1,0.11241024732589722,3,8,0.08725749999575783
splicing_connectors,C:\Users\User\Desktop\DefectRAG\data\mvtec_loco_ad\splicing_connectors\test\good\000.png,good,0,0.04176980257034302,6,3,0.08087009999144357
splicing_connectors,C:\Users\User\Desktop\DefectRAG\data\mvtec_loco_ad\splicing_connectors\test\good\001.png,good,0,0.03752559423446655,8,10,0.06734399999550078
splicing_connectors,C:\Users\User\Desktop\DefectRAG\data\mvtec_loco_ad\splicing_connectors\test\good\002.png,good,0,0.04970288276672363,7,3,0.06168709999474231
splicing_connectors,C:\Users\User\Desktop\DefectRAG\data\mvtec_loco_ad\splicing_connectors\test\good\003.png,good,0,0.037871360778808594,6,12,0.0663250999932643
splicing_connectors,C:\Users\User\Desktop\DefectRAG\data\mvtec_loco_ad\splicing_connectors\test\good\004.png,good,0,0.04032343626022339,6,1,0.07836279999173712
splicing_connectors,C:\Users\User\Desktop\DefectRAG\data\mvtec_loco_ad\splicing_connectors\test\good\005.png,good,0,0.04537534713745117,8,5,0.07019179999770131
splicing_connectors,C:\Users\User\Desktop\DefectRAG\data\mvtec_loco_ad\splicing_connectors\test\good\006.png,good,0,0.05288684368133545,4,11,0.09176859998842701
splicing_connectors,C:\Users\User\Desktop\DefectRAG\data\mvtec_loco_ad\splicing_connectors\test\good\007.png,good,0,0.04009449481964111,7,6,0.07654999999795109
splicing_connectors,C:\Users\User\Desktop\DefectRAG\data\mvtec_loco_ad\splicing_connectors\test\good\008.png,good,0,0.04806804656982422,6,3,0.08586099999956787
splicing_connectors,C:\Users\User\Desktop\DefectRAG\data\mvtec_loco_ad\splicing_connectors\test\good\009.png,good,0,0.03268718719482422,3,3,0.08370149999973364
splicing_connectors,C:\Users\User\Desktop\DefectRAG\data\mvtec_loco_ad\splicing_connectors\test\good\010.png,good,0,0.042399466037750244,5,4,0.10924209999211598
splicing_connectors,C:\Users\User\Desktop\DefectRAG\data\mvtec_loco_ad\splicing_connectors\test\good\011.png,good,0,0.031536757946014404,3,11,0.08632919999945443
splicing_connectors,C:\Users\User\Desktop\DefectRAG\data\mvtec_loco_ad\splicing_connectors\test\good\012.png,good,0,0.034597933292388916,3,2,0.085848700007773
splicing_connectors,C:\Users\User\Desktop\DefectRAG\data\mvtec_loco_ad\splicing_connectors\test\good\013.png,good,0,0.049622416496276855,6,9,0.07972069999959785
splicing_connectors,C:\Users\User\Desktop\DefectRAG\data\mvtec_loco_ad\splicing_connectors\test\good\014.png,good,0,0.04212456941604614,6,10,0.07849079999141395
splicing_connectors,C:\Users\User\Desktop\DefectRAG\data\mvtec_loco_ad\splicing_connectors\test\good\015.png,good,0,0.04763972759246826,4,3,0.10205959998711478
splicing_connectors,C:\Users\User\Desktop\DefectRAG\data\mvtec_loco_ad\splicing_connectors\test\good\016.png,good,0,0.049028217792510986,5,6,0.07965499999409076
splicing_connectors,C:\Users\User\Desktop\DefectRAG\data\mvtec_loco_ad\splicing_connectors\test\good\017.png,good,0,0.043402910232543945,5,3,0.08015329999034293
splicing_connectors,C:\Users\User\Desktop\DefectRAG\data\mvtec_loco_ad\splicing_connectors\test\good\018.png,good,0,0.06093376874923706,4,3,0.08997159999853466
splicing_connectors,C:\Users\User\Desktop\DefectRAG\data\mvtec_loco_ad\splicing_connectors\test\good\019.png,good,0,0.053065478801727295,4,9,0.07784269998956006
splicing_connectors,C:\Users\User\Desktop\DefectRAG\data\mvtec_loco_ad\splicing_connectors\test\good\020.png,good,0,0.046153366565704346,6,4,0.08312239999941085
splicing_connectors,C:\Users\User\Desktop\DefectRAG\data\mvtec_loco_ad\splicing_connectors\test\good\021.png,good,0,0.053680360317230225,7,10,0.08683739999833051
splicing_connectors,C:\Users\User\Desktop\DefectRAG\data\mvtec_loco_ad\splicing_connectors\test\good\022.png,good,0,0.02754974365234375,6,4,0.0905099999945378
splicing_connectors,C:\Users\User\Desktop\DefectRAG\data\mvtec_loco_ad\splicing_connectors\test\good\023.png,good,0,0.050248563289642334,5,12,0.07954789999348577
splicing_connectors,C:\Users\User\Desktop\DefectRAG\data\mvtec_loco_ad\splicing_connectors\test\good\024.png,good,0,0.03939676284790039,7,2,0.06571499998972286
splicing_connectors,C:\Users\User\Desktop\DefectRAG\data\mvtec_loco_ad\splicing_connectors\test\good\025.png,good,0,0.04431384801864624,5,9,0.0640966000064509
splicing_connectors,C:\Users\User\Desktop\DefectRAG\data\mvtec_loco_ad\splicing_connectors\test\good\026.png,good,0,0.03103536367416382,4,4,0.10657309999805875
splicing_connectors,C:\Users\User\Desktop\DefectRAG\data\mvtec_loco_ad\splicing_connectors\test\good\027.png,good,0,0.05133122205734253,5,7,0.08398250000027474
splicing_connectors,C:\Users\User\Desktop\DefectRAG\data\mvtec_loco_ad\splicing_connectors\test\good\028.png,good,0,0.04258370399475098,5,11,0.09003330000268761
splicing_connectors,C:\Users\User\Desktop\DefectRAG\data\mvtec_loco_ad\splicing_connectors\test\good\029.png,good,0,0.05994868278503418,7,9,0.080334700003732
splicing_connectors,C:\Users\User\Desktop\DefectRAG\data\mvtec_loco_ad\splicing_connectors\test\good\030.png,good,0,0.04253774881362915,5,11,0.07625959999859333
splicing_connectors,C:\Users\User\Desktop\DefectRAG\data\mvtec_loco_ad\splicing_connectors\test\good\031.png,good,0,0.03825408220291138,7,1,0.0904539999901317
splicing_connectors,C:\Users\User\Desktop\DefectRAG\data\mvtec_loco_ad\splicing_connectors\test\good\032.png,good,0,0.041497230529785156,5,1,0.08564569998998195
splicing_connectors,C:\Users\User\Desktop\DefectRAG\data\mvtec_loco_ad\splicing_connectors\test\good\033.png,good,0,0.05981647968292236,7,10,0.1092066999990493
splicing_connectors,C:\Users\User\Desktop\DefectRAG\data\mvtec_loco_ad\splicing_connectors\test\good\034.png,good,0,0.03149712085723877,5,9,0.09516669998993166
splicing_connectors,C:\Users\User\Desktop\DefectRAG\data\mvtec_loco_ad\splicing_connectors\test\good\035.png,good,0,0.03863590955734253,7,3,0.09002899999904912
splicing_connectors,C:\Users\User\Desktop\DefectRAG\data\mvtec_loco_ad\splicing_connectors\test\good\036.png,good,0,0.04676705598831177,5,4,0.08777539999573492
splicing_connectors,C:\Users\User\Desktop\DefectRAG\data\mvtec_loco_ad\splicing_connectors\test\good\037.png,good,0,0.042497217655181885,3,3,0.0889993000018876
splicing_connectors,C:\Users\User\Desktop\DefectRAG\data\mvtec_loco_ad\splicing_connectors\test\good\038.png,good,0,0.04135316610336304,4,7,0.10147880000295117
splicing_connectors,C:\Users\User\Desktop\DefectRAG\data\mvtec_loco_ad\splicing_connectors\test\good\039.png,good,0,0.042275190353393555,6,8,0.08171579999907408
splicing_connectors,C:\Users\User\Desktop\DefectRAG\data\mvtec_loco_ad\splicing_connectors\test\good\040.png,good,0,0.04226487874984741,4,4,0.09608570000273176
splicing_connectors,C:\Users\User\Desktop\DefectRAG\data\mvtec_loco_ad\splicing_connectors\test\good\041.png,good,0,0.03742671012878418,4,4,0.08437769999727607
splicing_connectors,C:\Users\User\Desktop\DefectRAG\data\mvtec_loco_ad\splicing_connectors\test\good\042.png,good,0,0.04903930425643921,7,3,0.10145220000413246
splicing_connectors,C:\Users\User\Desktop\DefectRAG\data\mvtec_loco_ad\splicing_connectors\test\good\043.png,good,0,0.03901797533035278,9,7,0.07099349999043625
splicing_connectors,C:\Users\User\Desktop\DefectRAG\data\mvtec_loco_ad\splicing_connectors\test\good\044.png,good,0,0.04556572437286377,7,9,0.07975619999342598
splicing_connectors,C:\Users\User\Desktop\DefectRAG\data\mvtec_loco_ad\splicing_connectors\test\good\045.png,good,0,0.05698281526565552,3,4,0.1048577000037767
splicing_connectors,C:\Users\User\Desktop\DefectRAG\data\mvtec_loco_ad\splicing_connectors\test\good\046.png,good,0,0.0415499210357666,6,12,0.0812391000072239
splicing_connectors,C:\Users\User\Desktop\DefectRAG\data\mvtec_loco_ad\splicing_connectors\test\good\047.png,good,0,0.043684184551239014,5,10,0.09752949999528937
splicing_connectors,C:\Users\User\Desktop\DefectRAG\data\mvtec_loco_ad\splicing_connectors\test\good\048.png,good,0,0.06938332319259644,6,10,0.07470870000543073
splicing_connectors,C:\Users\User\Desktop\DefectRAG\data\mvtec_loco_ad\splicing_connectors\test\good\049.png,good,0,0.062067508697509766,8,9,0.0987749000050826
splicing_connectors,C:\Users\User\Desktop\DefectRAG\data\mvtec_loco_ad\splicing_connectors\test\good\050.png,good,0,0.03774982690811157,8,10,0.0797564000095008
splicing_connectors,C:\Users\User\Desktop\DefectRAG\data\mvtec_loco_ad\splicing_connectors\test\good\051.png,good,0,0.04315292835235596,5,12,0.07931429999007378
splicing_connectors,C:\Users\User\Desktop\DefectRAG\data\mvtec_loco_ad\splicing_connectors\test\good\052.png,good,0,0.04172033071517944,8,0,0.08447580000211019
splicing_connectors,C:\Users\User\Desktop\DefectRAG\data\mvtec_loco_ad\splicing_connectors\test\good\053.png,good,0,0.03261464834213257,8,3,0.07510120001097675
splicing_connectors,C:\Users\User\Desktop\DefectRAG\data\mvtec_loco_ad\splicing_connectors\test\good\054.png,good,0,0.0487632155418396,5,3,0.08555279999563936
splicing_connectors,C:\Users\User\Desktop\DefectRAG\data\mvtec_loco_ad\splicing_connectors\test\good\055.png,good,0,0.045124948024749756,4,10,0.08428409999760333
splicing_connectors,C:\Users\User\Desktop\DefectRAG\data\mvtec_loco_ad\splicing_connectors\test\good\056.png,good,0,0.0486530065536499,7,9,0.0977019999991171
splicing_connectors,C:\Users\User\Desktop\DefectRAG\data\mvtec_loco_ad\splicing_connectors\test\good\057.png,good,0,0.040801942348480225,4,10,0.08146680000936612
splicing_connectors,C:\Users\User\Desktop\DefectRAG\data\mvtec_loco_ad\splicing_connectors\test\good\058.png,good,0,0.033878445625305176,3,11,0.07868880000023637
splicing_connectors,C:\Users\User\Desktop\DefectRAG\data\mvtec_loco_ad\splicing_connectors\test\good\059.png,good,0,0.03966200351715088,7,4,0.09483640000689775
splicing_connectors,C:\Users\User\Desktop\DefectRAG\data\mvtec_loco_ad\splicing_connectors\test\good\060.png,good,0,0.0561213493347168,8,5,0.09062380000250414
splicing_connectors,C:\Users\User\Desktop\DefectRAG\data\mvtec_loco_ad\splicing_connectors\test\good\061.png,good,0,0.038931071758270264,7,12,0.09115899998869281
splicing_connectors,C:\Users\User\Desktop\DefectRAG\data\mvtec_loco_ad\splicing_connectors\test\good\062.png,good,0,0.04299628734588623,4,4,0.11579280000296421
splicing_connectors,C:\Users\User\Desktop\DefectRAG\data\mvtec_loco_ad\splicing_connectors\test\good\063.png,good,0,0.04109489917755127,8,8,0.08683809998910874
splicing_connectors,C:\Users\User\Desktop\DefectRAG\data\mvtec_loco_ad\splicing_connectors\test\good\064.png,good,0,0.05344986915588379,7,3,0.07206930000393186
splicing_connectors,C:\Users\User\Desktop\DefectRAG\data\mvtec_loco_ad\splicing_connectors\test\good\065.png,good,0,0.05781501531600952,6,4,0.0897055000095861
splicing_connectors,C:\Users\User\Desktop\DefectRAG\data\mvtec_loco_ad\splicing_connectors\test\good\066.png,good,0,0.03881877660751343,6,4,0.10269649999099784
splicing_connectors,C:\Users\User\Desktop\DefectRAG\data\mvtec_loco_ad\splicing_connectors\test\good\067.png,good,0,0.044491589069366455,7,3,0.10517980001168326
splicing_connectors,C:\Users\User\Desktop\DefectRAG\data\mvtec_loco_ad\splicing_connectors\test\good\068.png,good,0,0.041653454303741455,7,12,0.0909927000029711
splicing_connectors,C:\Users\User\Desktop\DefectRAG\data\mvtec_loco_ad\splicing_connectors\test\good\069.png,good,0,0.05106121301651001,8,9,0.08290049999777693
splicing_connectors,C:\Users\User\Desktop\DefectRAG\data\mvtec_loco_ad\splicing_connectors\test\good\070.png,good,0,0.040044307708740234,8,4,0.09724370000185445
splicing_connectors,C:\Users\User\Desktop\DefectRAG\data\mvtec_loco_ad\splicing_connectors\test\good\071.png,good,0,0.04246801137924194,5,2,0.08527139999205247
splicing_connectors,C:\Users\User\Desktop\DefectRAG\data\mvtec_loco_ad\splicing_connectors\test\good\072.png,good,0,0.048354148864746094,5,9,0.0841911000024993
splicing_connectors,C:\Users\User\Desktop\DefectRAG\data\mvtec_loco_ad\splicing_connectors\test\good\073.png,good,0,0.03482365608215332,7,5,0.09485160000622272
splicing_connectors,C:\Users\User\Desktop\DefectRAG\data\mvtec_loco_ad\splicing_connectors\test\good\074.png,good,0,0.044458746910095215,7,3,0.09155350000946783
splicing_connectors,C:\Users\User\Desktop\DefectRAG\data\mvtec_loco_ad\splicing_connectors\test\good\075.png,good,0,0.03837829828262329,5,11,0.08670080000592861
splicing_connectors,C:\Users\User\Desktop\DefectRAG\data\mvtec_loco_ad\splicing_connectors\test\good\076.png,good,0,0.06223958730697632,7,9,0.08625729999039322
splicing_connectors,C:\Users\User\Desktop\DefectRAG\data\mvtec_loco_ad\splicing_connectors\test\good\077.png,good,0,0.058090388774871826,5,2,0.08518639999965671
splicing_connectors,C:\Users\User\Desktop\DefectRAG\data\mvtec_loco_ad\splicing_connectors\test\good\078.png,good,0,0.041181743144989014,8,1,0.09733109999797307
splicing_connectors,C:\Users\User\Desktop\DefectRAG\data\mvtec_loco_ad\splicing_connectors\test\good\079.png,good,0,0.046554625034332275,5,6,0.07840220000070985
splicing_connectors,C:\Users\User\Desktop\DefectRAG\data\mvtec_loco_ad\splicing_connectors\test\good\080.png,good,0,0.04274255037307739,5,8,0.0961103000008734
splicing_connectors,C:\Users\User\Desktop\DefectRAG\data\mvtec_loco_ad\splicing_connectors\test\good\081.png,good,0,0.041626572608947754,6,3,0.09826579999935348
splicing_connectors,C:\Users\User\Desktop\DefectRAG\data\mvtec_loco_ad\splicing_connectors\test\good\082.png,good,0,0.03597027063369751,6,3,0.09716699999989942
splicing_connectors,C:\Users\User\Desktop\DefectRAG\data\mvtec_loco_ad\splicing_connectors\test\good\083.png,good,0,0.038676559925079346,7,9,0.08804289999534376
splicing_connectors,C:\Users\User\Desktop\DefectRAG\data\mvtec_loco_ad\splicing_connectors\test\good\084.png,good,0,0.04789113998413086,9,3,0.08446830000320915
splicing_connectors,C:\Users\User\Desktop\DefectRAG\data\mvtec_loco_ad\splicing_connectors\test\good\085.png,good,0,0.05503082275390625,4,3,0.06729160000395495
splicing_connectors,C:\Users\User\Desktop\DefectRAG\data\mvtec_loco_ad\splicing_connectors\test\good\086.png,good,0,0.0359874963760376,7,9,0.08868990000337362
splicing_connectors,C:\Users\User\Desktop\DefectRAG\data\mvtec_loco_ad\splicing_connectors\test\good\087.png,good,0,0.030667483806610107,9,10,0.0853250000072876
splicing_connectors,C:\Users\User\Desktop\DefectRAG\data\mvtec_loco_ad\splicing_connectors\test\good\088.png,good,0,0.045602262020111084,7,9,0.08957379999628756
splicing_connectors,C:\Users\User\Desktop\DefectRAG\data\mvtec_loco_ad\splicing_connectors\test\good\089.png,good,0,0.036096930503845215,7,11,0.09892930000205524
splicing_connectors,C:\Users\User\Desktop\DefectRAG\data\mvtec_loco_ad\splicing_connectors\test\good\090.png,good,0,0.04958701133728027,6,7,0.08388220000779256
splicing_connectors,C:\Users\User\Desktop\DefectRAG\data\mvtec_loco_ad\splicing_connectors\test\good\091.png,good,0,0.037306249141693115,9,12,0.10012590000405908
splicing_connectors,C:\Users\User\Desktop\DefectRAG\data\mvtec_loco_ad\splicing_connectors\test\good\092.png,good,0,0.033969759941101074,9,5,0.0847148000029847
splicing_connectors,C:\Users\User\Desktop\DefectRAG\data\mvtec_loco_ad\splicing_connectors\test\good\093.png,good,0,0.035222411155700684,5,3,0.10293540000566281
splicing_connectors,C:\Users\User\Desktop\DefectRAG\data\mvtec_loco_ad\splicing_connectors\test\good\094.png,good,0,0.0460050106048584,7,5,0.08692590000282507
splicing_connectors,C:\Users\User\Desktop\DefectRAG\data\mvtec_loco_ad\splicing_connectors\test\good\095.png,good,0,0.03990578651428223,7,10,0.08595579999382608
splicing_connectors,C:\Users\User\Desktop\DefectRAG\data\mvtec_loco_ad\splicing_connectors\test\good\096.png,good,0,0.041900038719177246,6,3,0.09099850000347942
splicing_connectors,C:\Users\User\Desktop\DefectRAG\data\mvtec_loco_ad\splicing_connectors\test\good\097.png,good,0,0.04580807685852051,7,3,0.07825629999570083
splicing_connectors,C:\Users\User\Desktop\DefectRAG\data\mvtec_loco_ad\splicing_connectors\test\good\098.png,good,0,0.056170105934143066,7,9,0.09475669999665115
splicing_connectors,C:\Users\User\Desktop\DefectRAG\data\mvtec_loco_ad\splicing_connectors\test\good\099.png,good,0,0.052835702896118164,4,8,0.10191679999115877
splicing_connectors,C:\Users\User\Desktop\DefectRAG\data\mvtec_loco_ad\splicing_connectors\test\good\100.png,good,0,0.05040162801742554,5,10,0.08898679999401793
splicing_connectors,C:\Users\User\Desktop\DefectRAG\data\mvtec_loco_ad\splicing_connectors\test\good\101.png,good,0,0.03892284631729126,6,10,0.07689640000171494
splicing_connectors,C:\Users\User\Desktop\DefectRAG\data\mvtec_loco_ad\splicing_connectors\test\good\102.png,good,0,0.05705934762954712,7,9,0.11248409999825526
splicing_connectors,C:\Users\User\Desktop\DefectRAG\data\mvtec_loco_ad\splicing_connectors\test\good\103.png,good,0,0.060768067836761475,7,4,0.08219489999464713
splicing_connectors,C:\Users\User\Desktop\DefectRAG\data\mvtec_loco_ad\splicing_connectors\test\good\104.png,good,0,0.03710061311721802,9,5,0.09762529999716207
splicing_connectors,C:\Users\User\Desktop\DefectRAG\data\mvtec_loco_ad\splicing_connectors\test\good\105.png,good,0,0.045899391174316406,7,10,0.09204989999125246
splicing_connectors,C:\Users\User\Desktop\DefectRAG\data\mvtec_loco_ad\splicing_connectors\test\good\106.png,good,0,0.03779023885726929,8,1,0.08614520000992343
splicing_connectors,C:\Users\User\Desktop\DefectRAG\data\mvtec_loco_ad\splicing_connectors\test\good\107.png,good,0,0.0393216609954834,10,5,0.08841320000647102
splicing_connectors,C:\Users\User\Desktop\DefectRAG\data\mvtec_loco_ad\splicing_connectors\test\good\108.png,good,0,0.05058354139328003,8,4,0.10217470000497997
splicing_connectors,C:\Users\User\Desktop\DefectRAG\data\mvtec_loco_ad\splicing_connectors\test\good\109.png,good,0,0.043449580669403076,7,0,0.08536689999164082
splicing_connectors,C:\Users\User\Desktop\DefectRAG\data\mvtec_loco_ad\splicing_connectors\test\good\110.png,good,0,0.045111119747161865,7,3,0.0770366000069771
splicing_connectors,C:\Users\User\Desktop\DefectRAG\data\mvtec_loco_ad\splicing_connectors\test\good\111.png,good,0,0.06867587566375732,8,6,0.08736199999111705
splicing_connectors,C:\Users\User\Desktop\DefectRAG\data\mvtec_loco_ad\splicing_connectors\test\good\112.png,good,0,0.04032599925994873,8,4,0.08771780000824947
splicing_connectors,C:\Users\User\Desktop\DefectRAG\data\mvtec_loco_ad\splicing_connectors\test\good\113.png,good,0,0.0412328839302063,7,9,0.08925740000267979
splicing_connectors,C:\Users\User\Desktop\DefectRAG\data\mvtec_loco_ad\splicing_connectors\test\good\114.png,good,0,0.03015303611755371,3,12,0.08439069999440107
splicing_connectors,C:\Users\User\Desktop\DefectRAG\data\mvtec_loco_ad\splicing_connectors\test\good\115.png,good,0,0.04642397165298462,8,9,0.09415879999869503
splicing_connectors,C:\Users\User\Desktop\DefectRAG\data\mvtec_loco_ad\splicing_connectors\test\good\116.png,good,0,0.04966247081756592,5,11,0.09108260000357404
splicing_connectors,C:\Users\User\Desktop\DefectRAG\data\mvtec_loco_ad\splicing_connectors\test\good\117.png,good,0,0.046464383602142334,5,12,0.09645979999913834
splicing_connectors,C:\Users\User\Desktop\DefectRAG\data\mvtec_loco_ad\splicing_connectors\test\good\118.png,good,0,0.04594188928604126,7,3,0.08855620000394993
splicing_connectors,C:\Users\User\Desktop\DefectRAG\data\mvtec_loco_ad\splicing_connectors\test\logical_anomalies\000.png,logical_anomalies,1,0.0392342209815979,10,6,0.08553959999699146
splicing_connectors,C:\Users\User\Desktop\DefectRAG\data\mvtec_loco_ad\splicing_connectors\test\logical_anomalies\001.png,logical_anomalies,1,0.0724937915802002,6,7,0.08650689999922179
splicing_connectors,C:\Users\User\Desktop\DefectRAG\data\mvtec_loco_ad\splicing_connectors\test\logical_anomalies\002.png,logical_anomalies,1,0.07032567262649536,9,7,0.0828207000013208
splicing_connectors,C:\Users\User\Desktop\DefectRAG\data\mvtec_loco_ad\splicing_connectors\test\logical_anomalies\003.png,logical_anomalies,1,0.10181224346160889,4,4,0.09567679998872336
splicing_connectors,C:\Users\User\Desktop\DefectRAG\data\mvtec_loco_ad\splicing_connectors\test\logical_anomalies\004.png,logical_anomalies,1,0.09682643413543701,6,6,0.06543630000669509
splicing_connectors,C:\Users\User\Desktop\DefectRAG\data\mvtec_loco_ad\splicing_connectors\test\logical_anomalies\005.png,logical_anomalies,1,0.06569349765777588,5,6,0.06935400000656955
splicing_connectors,C:\Users\User\Desktop\DefectRAG\data\mvtec_loco_ad\splicing_connectors\test\logical_anomalies\006.png,logical_anomalies,1,0.12347495555877686,7,9,0.10752320000028703
splicing_connectors,C:\Users\User\Desktop\DefectRAG\data\mvtec_loco_ad\splicing_connectors\test\logical_anomalies\007.png,logical_anomalies,1,0.04146641492843628,4,1,0.08615740000095684
splicing_connectors,C:\Users\User\Desktop\DefectRAG\data\mvtec_loco_ad\splicing_connectors\test\logical_anomalies\008.png,logical_anomalies,1,0.07870650291442871,7,7,0.08403989998623729
splicing_connectors,C:\Users\User\Desktop\DefectRAG\data\mvtec_loco_ad\splicing_connectors\test\logical_anomalies\009.png,logical_anomalies,1,0.1055639386177063,6,7,0.11438749999797437
splicing_connectors,C:\Users\User\Desktop\DefectRAG\data\mvtec_loco_ad\splicing_connectors\test\logical_anomalies\010.png,logical_anomalies,1,0.04211205244064331,8,8,0.08210050000343472
splicing_connectors,C:\Users\User\Desktop\DefectRAG\data\mvtec_loco_ad\splicing_connectors\test\logical_anomalies\011.png,logical_anomalies,1,0.06044191122055054,6,10,0.10804320000170264
splicing_connectors,C:\Users\User\Desktop\DefectRAG\data\mvtec_loco_ad\splicing_connectors\test\logical_anomalies\012.png,logical_anomalies,1,0.051113903522491455,6,4,0.08451020000211429
splicing_connectors,C:\Users\User\Desktop\DefectRAG\data\mvtec_loco_ad\splicing_connectors\test\logical_anomalies\013.png,logical_anomalies,1,0.04897046089172363,8,0,0.0944922999915434
splicing_connectors,C:\Users\User\Desktop\DefectRAG\data\mvtec_loco_ad\splicing_connectors\test\logical_anomalies\014.png,logical_anomalies,1,0.05536496639251709,6,3,0.08534320000035223
splicing_connectors,C:\Users\User\Desktop\DefectRAG\data\mvtec_loco_ad\splicing_connectors\test\logical_anomalies\015.png,logical_anomalies,1,0.05108761787414551,4,9,0.1356750999984797
splicing_connectors,C:\Users\User\Desktop\DefectRAG\data\mvtec_loco_ad\splicing_connectors\test\logical_anomalies\016.png,logical_anomalies,1,0.04586052894592285,5,11,0.08836330000485759
splicing_connectors,C:\Users\User\Desktop\DefectRAG\data\mvtec_loco_ad\splicing_connectors\test\logical_anomalies\017.png,logical_anomalies,1,0.046672701835632324,8,12,0.07912990001204889
splicing_connectors,C:\Users\User\Desktop\DefectRAG\data\mvtec_loco_ad\splicing_connectors\test\logical_anomalies\018.png,logical_anomalies,1,0.0456852912902832,4,2,0.09471160000248346
splicing_connectors,C:\Users\User\Desktop\DefectRAG\data\mvtec_loco_ad\splicing_connectors\test\logical_anomalies\019.png,logical_anomalies,1,0.03951174020767212,6,11,0.11378259999037255
splicing_connectors,C:\Users\User\Desktop\DefectRAG\data\mvtec_loco_ad\splicing_connectors\test\logical_anomalies\020.png,logical_anomalies,1,0.05276685953140259,4,2,0.08840819999750238
splicing_connectors,C:\Users\User\Desktop\DefectRAG\data\mvtec_loco_ad\splicing_connectors\test\logical_anomalies\021.png,logical_anomalies,1,0.05287516117095947,9,9,0.0960557000071276
splicing_connectors,C:\Users\User\Desktop\DefectRAG\data\mvtec_loco_ad\splicing_connectors\test\logical_anomalies\022.png,logical_anomalies,1,0.0648302435874939,7,2,0.09257809999689925
splicing_connectors,C:\Users\User\Desktop\DefectRAG\data\mvtec_loco_ad\splicing_connectors\test\logical_anomalies\023.png,logical_anomalies,1,0.07927656173706055,6,3,0.11543160000292119
splicing_connectors,C:\Users\User\Desktop\DefectRAG\data\mvtec_loco_ad\splicing_connectors\test\logical_anomalies\024.png,logical_anomalies,1,0.05576658248901367,3,4,0.10446550000051502
splicing_connectors,C:\Users\User\Desktop\DefectRAG\data\mvtec_loco_ad\splicing_connectors\test\logical_anomalies\025.png,logical_anomalies,1,0.06520962715148926,7,9,0.11327180000080261
splicing_connectors,C:\Users\User\Desktop\DefectRAG\data\mvtec_loco_ad\splicing_connectors\test\logical_anomalies\026.png,logical_anomalies,1,0.05323779582977295,5,10,0.07828220000374131
splicing_connectors,C:\Users\User\Desktop\DefectRAG\data\mvtec_loco_ad\splicing_connectors\test\logical_anomalies\027.png,logical_anomalies,1,0.07715940475463867,2,3,0.08678979999967851
splicing_connectors,C:\Users\User\Desktop\DefectRAG\data\mvtec_loco_ad\splicing_connectors\test\logical_anomalies\028.png,logical_anomalies,1,0.0797274112701416,6,4,0.09126459999242797
splicing_connectors,C:\Users\User\Desktop\DefectRAG\data\mvtec_loco_ad\splicing_connectors\test\logical_anomalies\029.png,logical_anomalies,1,0.07146942615509033,8,9,0.09870930000033695
splicing_connectors,C:\Users\User\Desktop\DefectRAG\data\mvtec_loco_ad\splicing_connectors\test\logical_anomalies\030.png,logical_anomalies,1,0.07871925830841064,8,10,0.0796215000009397
splicing_connectors,C:\Users\User\Desktop\DefectRAG\data\mvtec_loco_ad\splicing_connectors\test\logical_anomalies\031.png,logical_anomalies,1,0.1031111478805542,5,11,0.08980149999842979
splicing_connectors,C:\Users\User\Desktop\DefectRAG\data\mvtec_loco_ad\splicing_connectors\test\logical_anomalies\032.png,logical_anomalies,1,0.07193458080291748,7,3,0.08470880000095349
splicing_connectors,C:\Users\User\Desktop\DefectRAG\data\mvtec_loco_ad\splicing_connectors\test\logical_anomalies\033.png,logical_anomalies,1,0.12425655126571655,7,2,0.07481919998826925
splicing_connectors,C:\Users\User\Desktop\DefectRAG\data\mvtec_loco_ad\splicing_connectors\test\logical_anomalies\034.png,logical_anomalies,1,0.12183105945587158,8,2,0.08697140000003856
splicing_connectors,C:\Users\User\Desktop\DefectRAG\data\mvtec_loco_ad\splicing_connectors\test\logical_anomalies\035.png,logical_anomalies,1,0.0729132890701294,7,11,0.08831259999715257
splicing_connectors,C:\Users\User\Desktop\DefectRAG\data\mvtec_loco_ad\splicing_connectors\test\logical_anomalies\036.png,logical_anomalies,1,0.07214564085006714,7,3,0.09081249999871943
splicing_connectors,C:\Users\User\Desktop\DefectRAG\data\mvtec_loco_ad\splicing_connectors\test\logical_anomalies\037.png,logical_anomalies,1,0.08131694793701172,5,2,0.083218300002045
splicing_connectors,C:\Users\User\Desktop\DefectRAG\data\mvtec_loco_ad\splicing_connectors\test\logical_anomalies\038.png,logical_anomalies,1,0.0967022180557251,8,10,0.07047220000822563
splicing_connectors,C:\Users\User\Desktop\DefectRAG\data\mvtec_loco_ad\splicing_connectors\test\logical_anomalies\039.png,logical_anomalies,1,0.11405640840530396,5,1,0.08621359999233391
splicing_connectors,C:\Users\User\Desktop\DefectRAG\data\mvtec_loco_ad\splicing_connectors\test\logical_anomalies\040.png,logical_anomalies,1,0.08642035722732544,6,2,0.08065020000503864
splicing_connectors,C:\Users\User\Desktop\DefectRAG\data\mvtec_loco_ad\splicing_connectors\test\logical_anomalies\041.png,logical_anomalies,1,0.08144670724868774,6,2,0.08804039999085944
splicing_connectors,C:\Users\User\Desktop\DefectRAG\data\mvtec_loco_ad\splicing_connectors\test\logical_anomalies\042.png,logical_anomalies,1,0.08786231279373169,6,11,0.07741929999610875
splicing_connectors,C:\Users\User\Desktop\DefectRAG\data\mvtec_loco_ad\splicing_connectors\test\logical_anomalies\043.png,logical_anomalies,1,0.10664886236190796,5,3,0.07421279999834951
splicing_connectors,C:\Users\User\Desktop\DefectRAG\data\mvtec_loco_ad\splicing_connectors\test\logical_anomalies\044.png,logical_anomalies,1,0.059414446353912354,6,11,0.10027379999519326
splicing_connectors,C:\Users\User\Desktop\DefectRAG\data\mvtec_loco_ad\splicing_connectors\test\logical_anomalies\045.png,logical_anomalies,1,0.11057353019714355,9,12,0.0786004999972647
splicing_connectors,C:\Users\User\Desktop\DefectRAG\data\mvtec_loco_ad\splicing_connectors\test\logical_anomalies\046.png,logical_anomalies,1,0.10496288537979126,4,2,0.09211279998999089
splicing_connectors,C:\Users\User\Desktop\DefectRAG\data\mvtec_loco_ad\splicing_connectors\test\logical_anomalies\047.png,logical_anomalies,1,0.08969539403915405,5,6,0.07505110000784043
splicing_connectors,C:\Users\User\Desktop\DefectRAG\data\mvtec_loco_ad\splicing_connectors\test\logical_anomalies\048.png,logical_anomalies,1,0.048176467418670654,8,9,0.08486460000858642
splicing_connectors,C:\Users\User\Desktop\DefectRAG\data\mvtec_loco_ad\splicing_connectors\test\logical_anomalies\049.png,logical_anomalies,1,0.07096022367477417,4,4,0.08265929999470245
splicing_connectors,C:\Users\User\Desktop\DefectRAG\data\mvtec_loco_ad\splicing_connectors\test\logical_anomalies\050.png,logical_anomalies,1,0.06538528203964233,6,8,0.0862831999984337
splicing_connectors,C:\Users\User\Desktop\DefectRAG\data\mvtec_loco_ad\splicing_connectors\test\logical_anomalies\051.png,logical_anomalies,1,0.05823516845703125,8,7,0.08953240000118967
splicing_connectors,C:\Users\User\Desktop\DefectRAG\data\mvtec_loco_ad\splicing_connectors\test\logical_anomalies\052.png,logical_anomalies,1,0.08395850658416748,4,9,0.10842780000530183
splicing_connectors,C:\Users\User\Desktop\DefectRAG\data\mvtec_loco_ad\splicing_connectors\test\logical_anomalies\053.png,logical_anomalies,1,0.0551837682723999,5,10,0.08621530000527855
splicing_connectors,C:\Users\User\Desktop\DefectRAG\data\mvtec_loco_ad\splicing_connectors\test\logical_anomalies\054.png,logical_anomalies,1,0.04714345932006836,6,7,0.09756500000366941
splicing_connectors,C:\Users\User\Desktop\DefectRAG\data\mvtec_loco_ad\splicing_connectors\test\logical_anomalies\055.png,logical_anomalies,1,0.06473928689956665,5,7,0.09175300000060815
splicing_connectors,C:\Users\User\Desktop\DefectRAG\data\mvtec_loco_ad\splicing_connectors\test\logical_anomalies\056.png,logical_anomalies,1,0.07110005617141724,5,3,0.08518460000050254
splicing_connectors,C:\Users\User\Desktop\DefectRAG\data\mvtec_loco_ad\splicing_connectors\test\logical_anomalies\057.png,logical_anomalies,1,0.04943937063217163,7,6,0.08707929999218322
splicing_connectors,C:\Users\User\Desktop\DefectRAG\data\mvtec_loco_ad\splicing_connectors\test\logical_anomalies\058.png,logical_anomalies,1,0.04782658815383911,6,8,0.07117809999908786
splicing_connectors,C:\Users\User\Desktop\DefectRAG\data\mvtec_loco_ad\splicing_connectors\test\logical_anomalies\059.png,logical_anomalies,1,0.1051287055015564,6,7,0.08289290001266636
splicing_connectors,C:\Users\User\Desktop\DefectRAG\data\mvtec_loco_ad\splicing_connectors\test\logical_anomalies\060.png,logical_anomalies,1,0.08474582433700562,5,7,0.08237189998908434
splicing_connectors,C:\Users\User\Desktop\DefectRAG\data\mvtec_loco_ad\splicing_connectors\test\logical_anomalies\061.png,logical_anomalies,1,0.09016776084899902,7,7,0.07750849999138154
splicing_connectors,C:\Users\User\Desktop\DefectRAG\data\mvtec_loco_ad\splicing_connectors\test\logical_anomalies\062.png,logical_anomalies,1,0.08081024885177612,5,7,0.08918999999877997
splicing_connectors,C:\Users\User\Desktop\DefectRAG\data\mvtec_loco_ad\splicing_connectors\test\logical_anomalies\063.png,logical_anomalies,1,0.10296845436096191,7,7,0.0703473000030499
splicing_connectors,C:\Users\User\Desktop\DefectRAG\data\mvtec_loco_ad\splicing_connectors\test\logical_anomalies\064.png,logical_anomalies,1,0.09115999937057495,6,6,0.07872830000997055
splicing_connectors,C:\Users\User\Desktop\DefectRAG\data\mvtec_loco_ad\splicing_connectors\test\logical_anomalies\065.png,logical_anomalies,1,0.0970565676689148,6,7,0.09591550000186544
splicing_connectors,C:\Users\User\Desktop\DefectRAG\data\mvtec_loco_ad\splicing_connectors\test\logical_anomalies\066.png,logical_anomalies,1,0.1109420657157898,6,7,0.08972129999892786
splicing_connectors,C:\Users\User\Desktop\DefectRAG\data\mvtec_loco_ad\splicing_connectors\test\logical_anomalies\067.png,logical_anomalies,1,0.08564400672912598,7,7,0.08334420000028331
splicing_connectors,C:\Users\User\Desktop\DefectRAG\data\mvtec_loco_ad\splicing_connectors\test\logical_anomalies\068.png,logical_anomalies,1,0.10262155532836914,5,7,0.09406879999733064
splicing_connectors,C:\Users\User\Desktop\DefectRAG\data\mvtec_loco_ad\splicing_connectors\test\logical_anomalies\069.png,logical_anomalies,1,0.09027308225631714,7,6,0.08514160000777338
splicing_connectors,C:\Users\User\Desktop\DefectRAG\data\mvtec_loco_ad\splicing_connectors\test\logical_anomalies\070.png,logical_anomalies,1,0.11969560384750366,7,7,0.0814743999944767
splicing_connectors,C:\Users\User\Desktop\DefectRAG\data\mvtec_loco_ad\splicing_connectors\test\logical_anomalies\071.png,logical_anomalies,1,0.04293876886367798,6,4,0.08522580000862945
splicing_connectors,C:\Users\User\Desktop\DefectRAG\data\mvtec_loco_ad\splicing_connectors\test\logical_anomalies\072.png,logical_anomalies,1,0.05496901273727417,7,10,0.08454789999814238
splicing_connectors,C:\Users\User\Desktop\DefectRAG\data\mvtec_loco_ad\splicing_connectors\test\logical_anomalies\073.png,logical_anomalies,1,0.045001327991485596,6,4,0.09635639999760315
splicing_connectors,C:\Users\User\Desktop\DefectRAG\data\mvtec_loco_ad\splicing_connectors\test\logical_anomalies\074.png,logical_anomalies,1,0.05377846956253052,6,9,0.10780309999245219
splicing_connectors,C:\Users\User\Desktop\DefectRAG\data\mvtec_loco_ad\splicing_connectors\test\logical_anomalies\075.png,logical_anomalies,1,0.05598855018615723,6,3,0.09121910000976641
splicing_connectors,C:\Users\User\Desktop\DefectRAG\data\mvtec_loco_ad\splicing_connectors\test\logical_anomalies\076.png,logical_anomalies,1,0.062405407428741455,6,5,0.10905640000419226
splicing_connectors,C:\Users\User\Desktop\DefectRAG\data\mvtec_loco_ad\splicing_connectors\test\logical_anomalies\077.png,logical_anomalies,1,0.06606507301330566,4,7,0.08799469999212306
splicing_connectors,C:\Users\User\Desktop\DefectRAG\data\mvtec_loco_ad\splicing_connectors\test\logical_anomalies\078.png,logical_anomalies,1,0.06182384490966797,6,3,0.10016760000144131
splicing_connectors,C:\Users\User\Desktop\DefectRAG\data\mvtec_loco_ad\splicing_connectors\test\logical_anomalies\079.png,logical_anomalies,1,0.05369925498962402,5,9,0.08456610000575893
splicing_connectors,C:\Users\User\Desktop\DefectRAG\data\mvtec_loco_ad\splicing_connectors\test\logical_anomalies\080.png,logical_anomalies,1,0.04819929599761963,5,12,0.08160370000405237
splicing_connectors,C:\Users\User\Desktop\DefectRAG\data\mvtec_loco_ad\splicing_connectors\test\logical_anomalies\081.png,logical_anomalies,1,0.044232845306396484,7,9,0.09028489999764133
splicing_connectors,C:\Users\User\Desktop\DefectRAG\data\mvtec_loco_ad\splicing_connectors\test\logical_anomalies\082.png,logical_anomalies,1,0.051550209522247314,10,9,0.0704626999940956
splicing_connectors,C:\Users\User\Desktop\DefectRAG\data\mvtec_loco_ad\splicing_connectors\test\logical_anomalies\083.png,logical_anomalies,1,0.03984254598617554,5,9,0.07767509999393951
splicing_connectors,C:\Users\User\Desktop\DefectRAG\data\mvtec_loco_ad\splicing_connectors\test\logical_anomalies\084.png,logical_anomalies,1,0.048896849155426025,8,4,0.08910150000883732
splicing_connectors,C:\Users\User\Desktop\DefectRAG\data\mvtec_loco_ad\splicing_connectors\test\logical_anomalies\085.png,logical_anomalies,1,0.05361109972000122,7,1,0.08148829999845475
splicing_connectors,C:\Users\User\Desktop\DefectRAG\data\mvtec_loco_ad\splicing_connectors\test\logical_anomalies\086.png,logical_anomalies,1,0.046533286571502686,5,9,0.08663839999644551
splicing_connectors,C:\Users\User\Desktop\DefectRAG\data\mvtec_loco_ad\splicing_connectors\test\logical_anomalies\087.png,logical_anomalies,1,0.05171048641204834,7,7,0.075614500005031
splicing_connectors,C:\Users\User\Desktop\DefectRAG\data\mvtec_loco_ad\splicing_connectors\test\logical_anomalies\088.png,logical_anomalies,1,0.041031837463378906,5,9,0.095048900009715
splicing_connectors,C:\Users\User\Desktop\DefectRAG\data\mvtec_loco_ad\splicing_connectors\test\logical_anomalies\089.png,logical_anomalies,1,0.0488545298576355,5,5,0.08557620001374744
splicing_connectors,C:\Users\User\Desktop\DefectRAG\data\mvtec_loco_ad\splicing_connectors\test\logical_anomalies\090.png,logical_anomalies,1,0.0386042594909668,6,9,0.08859309999388643
splicing_connectors,C:\Users\User\Desktop\DefectRAG\data\mvtec_loco_ad\splicing_connectors\test\logical_anomalies\091.png,logical_anomalies,1,0.04058033227920532,8,9,0.09106180000526365
splicing_connectors,C:\Users\User\Desktop\DefectRAG\data\mvtec_loco_ad\splicing_connectors\test\logical_anomalies\092.png,logical_anomalies,1,0.045951902866363525,6,8,0.11302490001253318
splicing_connectors,C:\Users\User\Desktop\DefectRAG\data\mvtec_loco_ad\splicing_connectors\test\logical_anomalies\093.png,logical_anomalies,1,0.0326080322265625,5,4,0.09374480000406038
splicing_connectors,C:\Users\User\Desktop\DefectRAG\data\mvtec_loco_ad\splicing_connectors\test\logical_anomalies\094.png,logical_anomalies,1,0.04991418123245239,6,5,0.08069059999252204
splicing_connectors,C:\Users\User\Desktop\DefectRAG\data\mvtec_loco_ad\splicing_connectors\test\logical_anomalies\095.png,logical_anomalies,1,0.04225468635559082,5,9,0.08056930000020657
splicing_connectors,C:\Users\User\Desktop\DefectRAG\data\mvtec_loco_ad\splicing_connectors\test\logical_anomalies\096.png,logical_anomalies,1,0.04569804668426514,7,8,0.07809830000041984
splicing_connectors,C:\Users\User\Desktop\DefectRAG\data\mvtec_loco_ad\splicing_connectors\test\logical_anomalies\097.png,logical_anomalies,1,0.035393476486206055,8,3,0.08758399999351241
splicing_connectors,C:\Users\User\Desktop\DefectRAG\data\mvtec_loco_ad\splicing_connectors\test\logical_anomalies\098.png,logical_anomalies,1,0.04768139123916626,6,3,0.07675999999628402
splicing_connectors,C:\Users\User\Desktop\DefectRAG\data\mvtec_loco_ad\splicing_connectors\test\logical_anomalies\099.png,logical_anomalies,1,0.04218512773513794,4,11,0.089728599996306
splicing_connectors,C:\Users\User\Desktop\DefectRAG\data\mvtec_loco_ad\splicing_connectors\test\logical_anomalies\100.png,logical_anomalies,1,0.05574607849121094,6,7,0.09107829999993555
splicing_connectors,C:\Users\User\Desktop\DefectRAG\data\mvtec_loco_ad\splicing_connectors\test\logical_anomalies\101.png,logical_anomalies,1,0.043727993965148926,6,3,0.09007909998763353
splicing_connectors,C:\Users\User\Desktop\DefectRAG\data\mvtec_loco_ad\splicing_connectors\test\logical_anomalies\102.png,logical_anomalies,1,0.04331856966018677,6,5,0.07777000000351109
splicing_connectors,C:\Users\User\Desktop\DefectRAG\data\mvtec_loco_ad\splicing_connectors\test\logical_anomalies\103.png,logical_anomalies,1,0.038374900817871094,6,2,0.08441140000650194
splicing_connectors,C:\Users\User\Desktop\DefectRAG\data\mvtec_loco_ad\splicing_connectors\test\logical_anomalies\104.png,logical_anomalies,1,0.044786155223846436,8,1,0.09644779999507591
splicing_connectors,C:\Users\User\Desktop\DefectRAG\data\mvtec_loco_ad\splicing_connectors\test\logical_anomalies\105.png,logical_anomalies,1,0.07695049047470093,5,9,0.09075940000184346
splicing_connectors,C:\Users\User\Desktop\DefectRAG\data\mvtec_loco_ad\splicing_connectors\test\logical_anomalies\106.png,logical_anomalies,1,0.051797688007354736,7,7,0.08385549999366049
splicing_connectors,C:\Users\User\Desktop\DefectRAG\data\mvtec_loco_ad\splicing_connectors\test\logical_anomalies\107.png,logical_anomalies,1,0.04926609992980957,8,10,0.10270620000665076
splicing_connectors,C:\Users\User\Desktop\DefectRAG\data\mvtec_loco_ad\splicing_connectors\test\structural_anomalies\000.png,structural_anomalies,1,0.05211484432220459,6,5,0.07939289999194443
splicing_connectors,C:\Users\User\Desktop\DefectRAG\data\mvtec_loco_ad\splicing_connectors\test\structural_anomalies\001.png,structural_anomalies,1,0.0382387638092041,5,3,0.0934966000058921
splicing_connectors,C:\Users\User\Desktop\DefectRAG\data\mvtec_loco_ad\splicing_connectors\test\structural_anomalies\002.png,structural_anomalies,1,0.051125526428222656,7,8,0.08780839999963064
splicing_connectors,C:\Users\User\Desktop\DefectRAG\data\mvtec_loco_ad\splicing_connectors\test\structural_anomalies\003.png,structural_anomalies,1,0.050284743309020996,6,4,0.08581309999863151
splicing_connectors,C:\Users\User\Desktop\DefectRAG\data\mvtec_loco_ad\splicing_connectors\test\structural_anomalies\004.png,structural_anomalies,1,0.038523316383361816,5,2,0.08899230000679381
splicing_connectors,C:\Users\User\Desktop\DefectRAG\data\mvtec_loco_ad\splicing_connectors\test\structural_anomalies\005.png,structural_anomalies,1,0.06340914964675903,6,6,0.08113400000729598
splicing_connectors,C:\Users\User\Desktop\DefectRAG\data\mvtec_loco_ad\splicing_connectors\test\structural_anomalies\006.png,structural_anomalies,1,0.05669015645980835,5,5,0.0961414000048535
splicing_connectors,C:\Users\User\Desktop\DefectRAG\data\mvtec_loco_ad\splicing_connectors\test\structural_anomalies\007.png,structural_anomalies,1,0.06040239334106445,7,6,0.08695110000553541
splicing_connectors,C:\Users\User\Desktop\DefectRAG\data\mvtec_loco_ad\splicing_connectors\test\structural_anomalies\008.png,structural_anomalies,1,0.04506725072860718,4,8,0.0872974000085378
splicing_connectors,C:\Users\User\Desktop\DefectRAG\data\mvtec_loco_ad\splicing_connectors\test\structural_anomalies\009.png,structural_anomalies,1,0.05342477560043335,7,6,0.08659360000456218
splicing_connectors,C:\Users\User\Desktop\DefectRAG\data\mvtec_loco_ad\splicing_connectors\test\structural_anomalies\010.png,structural_anomalies,1,0.05393320322036743,5,9,0.09317290000035428
splicing_connectors,C:\Users\User\Desktop\DefectRAG\data\mvtec_loco_ad\splicing_connectors\test\structural_anomalies\011.png,structural_anomalies,1,0.041032493114471436,5,4,0.0788509999983944
splicing_connectors,C:\Users\User\Desktop\DefectRAG\data\mvtec_loco_ad\splicing_connectors\test\structural_anomalies\012.png,structural_anomalies,1,0.04400259256362915,4,4,0.07263049999892246
splicing_connectors,C:\Users\User\Desktop\DefectRAG\data\mvtec_loco_ad\splicing_connectors\test\structural_anomalies\013.png,structural_anomalies,1,0.042598843574523926,6,10,0.08621389999461826
splicing_connectors,C:\Users\User\Desktop\DefectRAG\data\mvtec_loco_ad\splicing_connectors\test\structural_anomalies\014.png,structural_anomalies,1,0.0374068021774292,6,3,0.09064189999480732
splicing_connectors,C:\Users\User\Desktop\DefectRAG\data\mvtec_loco_ad\splicing_connectors\test\structural_anomalies\015.png,structural_anomalies,1,0.03459590673446655,5,1,0.06868769999709912
splicing_connectors,C:\Users\User\Desktop\DefectRAG\data\mvtec_loco_ad\splicing_connectors\test\structural_anomalies\016.png,structural_anomalies,1,0.061409056186676025,4,11,0.09583790000760928
splicing_connectors,C:\Users\User\Desktop\DefectRAG\data\mvtec_loco_ad\splicing_connectors\test\structural_anomalies\017.png,structural_anomalies,1,0.047012150287628174,5,11,0.10324919999402482
splicing_connectors,C:\Users\User\Desktop\DefectRAG\data\mvtec_loco_ad\splicing_connectors\test\structural_anomalies\018.png,structural_anomalies,1,0.04249835014343262,8,10,0.09143100000801496
splicing_connectors,C:\Users\User\Desktop\DefectRAG\data\mvtec_loco_ad\splicing_connectors\test\structural_anomalies\019.png,structural_anomalies,1,0.05688518285751343,4,2,0.07992059999378398
splicing_connectors,C:\Users\User\Desktop\DefectRAG\data\mvtec_loco_ad\splicing_connectors\test\structural_anomalies\020.png,structural_anomalies,1,0.036428987979888916,4,1,0.08647739999287296
splicing_connectors,C:\Users\User\Desktop\DefectRAG\data\mvtec_loco_ad\splicing_connectors\test\structural_anomalies\021.png,structural_anomalies,1,0.03793919086456299,5,10,0.06740189999982249
splicing_connectors,C:\Users\User\Desktop\DefectRAG\data\mvtec_loco_ad\splicing_connectors\test\structural_anomalies\022.png,structural_anomalies,1,0.05671113729476929,7,12,0.09001280000666156
splicing_connectors,C:\Users\User\Desktop\DefectRAG\data\mvtec_loco_ad\splicing_connectors\test\structural_anomalies\023.png,structural_anomalies,1,0.04952526092529297,6,10,0.08400540000002366
splicing_connectors,C:\Users\User\Desktop\DefectRAG\data\mvtec_loco_ad\splicing_connectors\test\structural_anomalies\024.png,structural_anomalies,1,0.05393528938293457,6,9,0.09786219999659806
splicing_connectors,C:\Users\User\Desktop\DefectRAG\data\mvtec_loco_ad\splicing_connectors\test\structural_anomalies\025.png,structural_anomalies,1,0.06957125663757324,5,9,0.08440870000049472
splicing_connectors,C:\Users\User\Desktop\DefectRAG\data\mvtec_loco_ad\splicing_connectors\test\structural_anomalies\026.png,structural_anomalies,1,0.04311573505401611,5,12,0.08880660000431817
splicing_connectors,C:\Users\User\Desktop\DefectRAG\data\mvtec_loco_ad\splicing_connectors\test\structural_anomalies\027.png,structural_anomalies,1,0.05224090814590454,7,4,0.08405039999342989
splicing_connectors,C:\Users\User\Desktop\DefectRAG\data\mvtec_loco_ad\splicing_connectors\test\structural_anomalies\028.png,structural_anomalies,1,0.03810524940490723,6,2,0.07532230000651907
splicing_connectors,C:\Users\User\Desktop\DefectRAG\data\mvtec_loco_ad\splicing_connectors\test\structural_anomalies\029.png,structural_anomalies,1,0.04156768321990967,6,3,0.08963909999874886
splicing_connectors,C:\Users\User\Desktop\DefectRAG\data\mvtec_loco_ad\splicing_connectors\test\structural_anomalies\030.png,structural_anomalies,1,0.07386189699172974,7,4,0.07780419998744037
splicing_connectors,C:\Users\User\Desktop\DefectRAG\data\mvtec_loco_ad\splicing_connectors\test\structural_anomalies\031.png,structural_anomalies,1,0.05224519968032837,7,3,0.1010219000017969
splicing_connectors,C:\Users\User\Desktop\DefectRAG\data\mvtec_loco_ad\splicing_connectors\test\structural_anomalies\032.png,structural_anomalies,1,0.035458147525787354,8,3,0.08945040000253357
splicing_connectors,C:\Users\User\Desktop\DefectRAG\data\mvtec_loco_ad\splicing_connectors\test\structural_anomalies\033.png,structural_anomalies,1,0.03260350227355957,6,10,0.09997850000218023
splicing_connectors,C:\Users\User\Desktop\DefectRAG\data\mvtec_loco_ad\splicing_connectors\test\structural_anomalies\034.png,structural_anomalies,1,0.03786104917526245,8,8,0.06884639999771025
splicing_connectors,C:\Users\User\Desktop\DefectRAG\data\mvtec_loco_ad\splicing_connectors\test\structural_anomalies\035.png,structural_anomalies,1,0.08476728200912476,5,6,0.06942749999871012
splicing_connectors,C:\Users\User\Desktop\DefectRAG\data\mvtec_loco_ad\splicing_connectors\test\structural_anomalies\036.png,structural_anomalies,1,0.04694843292236328,6,9,0.06769330000679474
splicing_connectors,C:\Users\User\Desktop\DefectRAG\data\mvtec_loco_ad\splicing_connectors\test\structural_anomalies\037.png,structural_anomalies,1,0.0429343581199646,8,4,0.08130989999335725
splicing_connectors,C:\Users\User\Desktop\DefectRAG\data\mvtec_loco_ad\splicing_connectors\test\structural_anomalies\038.png,structural_anomalies,1,0.07749664783477783,3,8,0.10355129999516066
splicing_connectors,C:\Users\User\Desktop\DefectRAG\data\mvtec_loco_ad\splicing_connectors\test\structural_anomalies\039.png,structural_anomalies,1,0.04101985692977905,7,9,0.08358750000479631
splicing_connectors,C:\Users\User\Desktop\DefectRAG\data\mvtec_loco_ad\splicing_connectors\test\structural_anomalies\040.png,structural_anomalies,1,0.042391836643218994,8,9,0.08633689999987837
splicing_connectors,C:\Users\User\Desktop\DefectRAG\data\mvtec_loco_ad\splicing_connectors\test\structural_anomalies\041.png,structural_anomalies,1,0.06721997261047363,8,5,0.08427389999269508
splicing_connectors,C:\Users\User\Desktop\DefectRAG\data\mvtec_loco_ad\splicing_connectors\test\structural_anomalies\042.png,structural_anomalies,1,0.07332521677017212,6,8,0.073063000003458
splicing_connectors,C:\Users\User\Desktop\DefectRAG\data\mvtec_loco_ad\splicing_connectors\test\structural_anomalies\043.png,structural_anomalies,1,0.05250602960586548,7,5,0.0883940000057919
splicing_connectors,C:\Users\User\Desktop\DefectRAG\data\mvtec_loco_ad\splicing_connectors\test\structural_anomalies\044.png,structural_anomalies,1,0.03824293613433838,4,3,0.07533650001278147
splicing_connectors,C:\Users\User\Desktop\DefectRAG\data\mvtec_loco_ad\splicing_connectors\test\structural_anomalies\045.png,structural_anomalies,1,0.08034813404083252,6,6,0.09463569999206811
splicing_connectors,C:\Users\User\Desktop\DefectRAG\data\mvtec_loco_ad\splicing_connectors\test\structural_anomalies\046.png,structural_anomalies,1,0.14822262525558472,4,9,0.09631699998863041
splicing_connectors,C:\Users\User\Desktop\DefectRAG\data\mvtec_loco_ad\splicing_connectors\test\structural_anomalies\047.png,structural_anomalies,1,0.17590773105621338,6,5,0.099137500001234
splicing_connectors,C:\Users\User\Desktop\DefectRAG\data\mvtec_loco_ad\splicing_connectors\test\structural_anomalies\048.png,structural_anomalies,1,0.14811652898788452,5,8,0.08663230000820477
splicing_connectors,C:\Users\User\Desktop\DefectRAG\data\mvtec_loco_ad\splicing_connectors\test\structural_anomalies\049.png,structural_anomalies,1,0.0679084062576294,7,8,0.08881430000474211
splicing_connectors,C:\Users\User\Desktop\DefectRAG\data\mvtec_loco_ad\splicing_connectors\test\structural_anomalies\050.png,structural_anomalies,1,0.10744428634643555,7,7,0.08730300000752322
splicing_connectors,C:\Users\User\Desktop\DefectRAG\data\mvtec_loco_ad\splicing_connectors\test\structural_anomalies\051.png,structural_anomalies,1,0.0776524543762207,4,10,0.08563220000360161
splicing_connectors,C:\Users\User\Desktop\DefectRAG\data\mvtec_loco_ad\splicing_connectors\test\structural_anomalies\052.png,structural_anomalies,1,0.14456331729888916,6,6,0.08638069999869913
splicing_connectors,C:\Users\User\Desktop\DefectRAG\data\mvtec_loco_ad\splicing_connectors\test\structural_anomalies\053.png,structural_anomalies,1,0.09296274185180664,5,9,0.07349970001087058
splicing_connectors,C:\Users\User\Desktop\DefectRAG\data\mvtec_loco_ad\splicing_connectors\test\structural_anomalies\054.png,structural_anomalies,1,0.04961305856704712,5,4,0.09243610000703484
splicing_connectors,C:\Users\User\Desktop\DefectRAG\data\mvtec_loco_ad\splicing_connectors\test\structural_anomalies\055.png,structural_anomalies,1,0.04654276371002197,8,5,0.07272250000096392
splicing_connectors,C:\Users\User\Desktop\DefectRAG\data\mvtec_loco_ad\splicing_connectors\test\structural_anomalies\056.png,structural_anomalies,1,0.05674386024475098,7,11,0.07025769999017939
splicing_connectors,C:\Users\User\Desktop\DefectRAG\data\mvtec_loco_ad\splicing_connectors\test\structural_anomalies\057.png,structural_anomalies,1,0.05520427227020264,8,10,0.08297920000040904
splicing_connectors,C:\Users\User\Desktop\DefectRAG\data\mvtec_loco_ad\splicing_connectors\test\structural_anomalies\058.png,structural_anomalies,1,0.0655205249786377,3,10,0.07592370000202209
splicing_connectors,C:\Users\User\Desktop\DefectRAG\data\mvtec_loco_ad\splicing_connectors\test\structural_anomalies\059.png,structural_anomalies,1,0.05824190378189087,9,3,0.08965609999722801
splicing_connectors,C:\Users\User\Desktop\DefectRAG\data\mvtec_loco_ad\splicing_connectors\test\structural_anomalies\060.png,structural_anomalies,1,0.0688585638999939,6,2,0.08178029999544378
splicing_connectors,C:\Users\User\Desktop\DefectRAG\data\mvtec_loco_ad\splicing_connectors\test\structural_anomalies\061.png,structural_anomalies,1,0.05476999282836914,5,10,0.09380080000846647
splicing_connectors,C:\Users\User\Desktop\DefectRAG\data\mvtec_loco_ad\splicing_connectors\test\structural_anomalies\062.png,structural_anomalies,1,0.0626022219657898,7,2,0.07426019999547862
splicing_connectors,C:\Users\User\Desktop\DefectRAG\data\mvtec_loco_ad\splicing_connectors\test\structural_anomalies\063.png,structural_anomalies,1,0.08964389562606812,7,10,0.08386319999408443
splicing_connectors,C:\Users\User\Desktop\DefectRAG\data\mvtec_loco_ad\splicing_connectors\test\structural_anomalies\064.png,structural_anomalies,1,0.06842714548110962,7,3,0.089342300008866
splicing_connectors,C:\Users\User\Desktop\DefectRAG\data\mvtec_loco_ad\splicing_connectors\test\structural_anomalies\065.png,structural_anomalies,1,0.06351041793823242,7,13,0.09366640000371262
splicing_connectors,C:\Users\User\Desktop\DefectRAG\data\mvtec_loco_ad\splicing_connectors\test\structural_anomalies\066.png,structural_anomalies,1,0.07486188411712646,7,11,0.08449219999602064
splicing_connectors,C:\Users\User\Desktop\DefectRAG\data\mvtec_loco_ad\splicing_connectors\test\structural_anomalies\067.png,structural_anomalies,1,0.06470566987991333,9,8,0.07298710000759456
splicing_connectors,C:\Users\User\Desktop\DefectRAG\data\mvtec_loco_ad\splicing_connectors\test\structural_anomalies\068.png,structural_anomalies,1,0.08722150325775146,7,6,0.09413930001028348
splicing_connectors,C:\Users\User\Desktop\DefectRAG\data\mvtec_loco_ad\splicing_connectors\test\structural_anomalies\069.png,structural_anomalies,1,0.053777992725372314,7,9,0.08079940000607166
splicing_connectors,C:\Users\User\Desktop\DefectRAG\data\mvtec_loco_ad\splicing_connectors\test\structural_anomalies\070.png,structural_anomalies,1,0.0788610577583313,5,9,0.09421399999700952
splicing_connectors,C:\Users\User\Desktop\DefectRAG\data\mvtec_loco_ad\splicing_connectors\test\structural_anomalies\071.png,structural_anomalies,1,0.05424410104751587,7,4,0.08066300000064075
splicing_connectors,C:\Users\User\Desktop\DefectRAG\data\mvtec_loco_ad\splicing_connectors\test\structural_anomalies\072.png,structural_anomalies,1,0.08658444881439209,6,7,0.08733049999864306
splicing_connectors,C:\Users\User\Desktop\DefectRAG\data\mvtec_loco_ad\splicing_connectors\test\structural_anomalies\073.png,structural_anomalies,1,0.05960124731063843,8,10,0.08466899998893496
splicing_connectors,C:\Users\User\Desktop\DefectRAG\data\mvtec_loco_ad\splicing_connectors\test\structural_anomalies\074.png,structural_anomalies,1,0.06077289581298828,7,3,0.08148319998872466
splicing_connectors,C:\Users\User\Desktop\DefectRAG\data\mvtec_loco_ad\splicing_connectors\test\structural_anomalies\075.png,structural_anomalies,1,0.06566226482391357,9,10,0.0876674000028288
splicing_connectors,C:\Users\User\Desktop\DefectRAG\data\mvtec_loco_ad\splicing_connectors\test\structural_anomalies\076.png,structural_anomalies,1,0.055373311042785645,7,11,0.07330660001025535
splicing_connectors,C:\Users\User\Desktop\DefectRAG\data\mvtec_loco_ad\splicing_connectors\test\structural_anomalies\077.png,structural_anomalies,1,0.04959982633590698,5,3,0.06894739999552257
splicing_connectors,C:\Users\User\Desktop\DefectRAG\data\mvtec_loco_ad\splicing_connectors\test\structural_anomalies\078.png,structural_anomalies,1,0.0646393895149231,5,4,0.08960069999739062
splicing_connectors,C:\Users\User\Desktop\DefectRAG\data\mvtec_loco_ad\splicing_connectors\test\structural_anomalies\079.png,structural_anomalies,1,0.04706329107284546,6,10,0.09157390000473242
splicing_connectors,C:\Users\User\Desktop\DefectRAG\data\mvtec_loco_ad\splicing_connectors\test\structural_anomalies\080.png,structural_anomalies,1,0.05198633670806885,7,2,0.0812045000056969
splicing_connectors,C:\Users\User\Desktop\DefectRAG\data\mvtec_loco_ad\splicing_connectors\test\structural_anomalies\081.png,structural_anomalies,1,0.06447559595108032,5,11,0.07130100000358652
splicing_connectors,C:\Users\User\Desktop\DefectRAG\data\mvtec_loco_ad\splicing_connectors\test\structural_anomalies\082.png,structural_anomalies,1,0.053980469703674316,3,3,0.09846720000496134
splicing_connectors,C:\Users\User\Desktop\DefectRAG\data\mvtec_loco_ad\splicing_connectors\test\structural_anomalies\083.png,structural_anomalies,1,0.06084662675857544,6,3,0.08101860000169836
splicing_connectors,C:\Users\User\Desktop\DefectRAG\data\mvtec_loco_ad\splicing_connectors\test\structural_anomalies\084.png,structural_anomalies,1,0.07007527351379395,7,10,0.0846900999895297
